Binder Name,Name,Set code,Set name,Collector number,Foil,Rarity,Quantity,ManaBox ID,Scryfall ID,Purchase price,Misprint,Altered,Condition,Language,Purchase price currency,,,
extra cards,Abrade,BLC,Bloomburrow Commander,191,normal,common,1,96450,c1466ae6-9dbc-4ead-844b-9b1ba7274baf,$0.15,FALSE,FALSE,near_mint,en,USD,,,
3.16  scan,Access Tunnel,TDC,Tarkir: Dragonstorm Commander,337,normal,uncommon,1,104625,4bef5957-71a4-4fe0-b2ce-dff8e8690bd9,$0.35,FALSE,FALSE,near_mint,en,USD,,,
3.16  scan,Adventurer's Inn,FIN,Final Fantasy,271,normal,common,2,105754,f0da2ee1-986e-4cbf-92eb-d96fdb572ca5,$0.15,FALSE,FALSE,near_mint,en,USD,,,
3.26  scan,Adventurer's Inn,FIN,Final Fantasy,271,normal,common,5,105754,f0da2ee1-986e-4cbf-92eb-d96fdb572ca5,$0.15,FALSE,FALSE,near_mint,en,USD,,,
non basic lands,Aether Hub,DRC,Aetherdrift Commander,145,normal,uncommon,1,103246,bb6a8c30-e824-4137-b83e-b9d175a0d037,$0.16,FALSE,FALSE,near_mint,en,USD,,,
3.26  scan,Airship Engine Room,TLA,Avatar: The Last Airbender,265,normal,common,1,109375,0b98ba34-f251-4bd0-9d75-1d4445be5cfd,$0.15,FALSE,FALSE,near_mint,en,USD,,,
non basic lands,Akoum Refuge,C19,Commander 2019,226,normal,uncommon,1,45708,51aecc57-f0cc-4e35-af38-ead25cf8a1b8,$0.25,FALSE,FALSE,near_mint,en,USD,,,
extra cards,Amoeboid Changeling,LRW,Lorwyn,51,normal,common,1,25391,068518d2-f061-4061-b208-158e991156b6,$0.82,FALSE,FALSE,near_mint,en,USD,,,
3.26  scan,Amonkhet Raceway,DFT,Aetherdrift,248,normal,uncommon,1,103040,4f312807-ea2a-4385-8774-4e23b4a5d4a6,$0.31,FALSE,FALSE,near_mint,en,USD,,,
extra cards,An Offer You Can't Refuse,FIC,Final Fantasy Commander,267,normal,uncommon,1,106259,fe1023a2-c096-4c62-8627-e865b348ba02,$2.68,FALSE,FALSE,near_mint,en,USD,,,
extra cards,Annul,EOE,Edge of Eternities,46,normal,uncommon,1,107271,4feeebea-aa55-4599-ab5a-4e41a54d0dfd,$0.15,FALSE,FALSE,near_mint,en,USD,,,
extra cards,Aphetto Dredging,ONS,Onslaught,125,normal,common,1,31178,c4e7fadf-40f1-45ff-97ef-5830381accc9,$0.22,FALSE,FALSE,near_mint,en,USD,,,
3.26  scan,"Arashi, the Sky Asunder",C21,Commander 2021,185,normal,rare,1,58633,95bfae4a-01fe-4309-9291-b3123395f057,$0.24,FALSE,FALSE,near_mint,en,USD,,,
3.16  scan,Ash Barrens,DSC,Duskmourn: House of Horror Commander,260,normal,common,1,98891,a881be73-7b22-418f-bf20-a07400b3b836,$0.15,FALSE,FALSE,near_mint,en,USD,,,
non basic lands,Ash Barrens,CLB,Commander Legends: Battle for Baldur's Gate,880,normal,uncommon,1,69727,fb71aebf-f5d3-45ee-91a4-51088f7141ec,$0.18,FALSE,FALSE,near_mint,en,USD,,,
3.16  scan,Augur of Autumn,EOC,Edge of Eternities Commander,92,normal,rare,1,107146,c09f0e1b-c13b-4e53-ab0e-c8b8a6151d82,$0.27,FALSE,FALSE,near_mint,en,USD,,,
3.26  scan,Avishkar Raceway,DFT,Aetherdrift,249,normal,common,1,102894,08a6b378-c7fa-4226-a310-4ee7e550b4d6,$0.15,FALSE,FALSE,near_mint,en,USD,,,
non basic lands,Azorius Chancery,DSC,Duskmourn: House of Horror Commander,261,normal,uncommon,1,99152,50ef0ac3-e911-4d67-a751-8d86160ae843,$0.15,FALSE,FALSE,near_mint,en,USD,,,
3.16  scan,Azorius Guildgate,RNA,Ravnica Allegiance,243,normal,common,1,43622,93cf5412-c711-41b4-ab3b-7788a0a22228,$0.15,FALSE,FALSE,near_mint,en,USD,,,
non basic lands,Azorius Guildgate,RNA,Ravnica Allegiance,243,normal,common,2,43622,93cf5412-c711-41b4-ab3b-7788a0a22228,$0.15,FALSE,FALSE,near_mint,en,USD,,,
extra cards,"Banon, the Returners' Leader",FIC,Final Fantasy Commander,78,normal,rare,1,105963,63e84ece-b129-457d-84ed-b4280120f08b,$0.15,FALSE,FALSE,near_mint,en,USD,,,
extra cards,Barad-dÃ»r,LTR,The Lord of the Rings: Tales of Middle-earth,253,normal,rare,1,83616,eb5038af-06b0-401e-8dea-a1a8483788ae,$1.02,FALSE,FALSE,near_mint,en,USD,,,
3.16  scan,"Baron, Airship Kingdom",FIN,Final Fantasy,273,normal,common,3,106570,6e4bf840-802d-47d5-bffd-8ba495e19cf6,$0.15,FALSE,FALSE,near_mint,en,USD,,,
3.26  scan,"Baron, Airship Kingdom",FIN,Final Fantasy,273,normal,common,2,106570,6e4bf840-802d-47d5-bffd-8ba495e19cf6,$0.18,FALSE,FALSE,near_mint,en,USD,,,
non basic lands,Barren Moor,DSC,Duskmourn: House of Horror Commander,262,normal,uncommon,1,99102,380eb7fd-bc79-4cad-9c2b-9b2b10761a72,$0.15,FALSE,FALSE,near_mint,en,USD,,,
extra cards,Beast Whisperer,P30A,30th Anniversary Play Promos,26,foil,rare,1,74023,91b11e18-e29b-4b3b-a37b-91ef52c1c7b3,$7.79,FALSE,FALSE,near_mint,en,USD,,,
extra cards,Big Score,FIC,Final Fantasy Commander,290,normal,common,1,105971,67d41ba2-a908-4613-b275-6ffe4165e48a,$0.97,FALSE,FALSE,near_mint,en,USD,,,
extra cards,Biomancer's Familiar,RNA,Ravnica Allegiance,158,normal,rare,1,43707,d38c9891-36d1-4565-9c4a-1cd9dbf8c048,$1.42,FALSE,FALSE,near_mint,en,USD,,,
3.16  scan,Biomass Mutation,DSC,Duskmourn: House of Horror Commander,214,normal,rare,1,99275,a16aa6bf-547f-4d95-82ca-79a4ee5b6212,$0.20,FALSE,FALSE,near_mint,en,USD,,,
non basic lands,Blighted Fen,BFZ,Battle for Zendikar,230,normal,uncommon,1,10121,29d02950-cd50-4662-97af-3106598dc3c4,$0.15,FALSE,FALSE,near_mint,en,USD,,,
non basic lands,Blighted Steppe,BFZ,Battle for Zendikar,232,normal,uncommon,1,10119,f43df8ee-d3e4-419e-aed0-1059d95f9cab,$0.29,FALSE,FALSE,near_mint,en,USD,,,
non basic lands,Blighted Woodland,CLB,Commander Legends: Battle for Baldur's Gate,881,normal,uncommon,1,69599,94e0ad38-31b3-46ba-9999-9b6ff57906ae,$0.46,FALSE,FALSE,near_mint,en,USD,,,
3.16  scan,Bloodfell Caves,FDN,Foundations,259,normal,common,1,100806,8b90dc92-cb66-41d9-89f9-2b6e3cfc8082,$0.15,FALSE,FALSE,near_mint,en,USD,,,
non basic lands,Bloodfell Caves,IKO,Ikoria: Lair of Behemoths,243,normal,common,1,49834,0c8269e6-b30c-4fdc-82a7-d503c133afa6,$0.15,FALSE,FALSE,near_mint,en,USD,,,
non basic lands,Bloodfell Caves,FDN,Foundations,259,normal,common,1,100806,8b90dc92-cb66-41d9-89f9-2b6e3cfc8082,$0.15,FALSE,FALSE,near_mint,en,USD,,,
3.26  scan,Bloodfell Caves,DFT,Aetherdrift,251,normal,common,1,103022,49195d90-de0c-4290-aa1c-9f4d948b5521,$0.19,FALSE,FALSE,near_mint,en,USD,,,
3.16  scan,Blossoming Sands,BLB,Bloomburrow,396,normal,common,1,96135,ecfa2cc9-e427-4104-bad7-b0294e392b1f,$0.15,FALSE,FALSE,near_mint,en,USD,,,
non basic lands,Blossoming Sands,FDN,Foundations,260,normal,common,1,100364,37676ed8-588c-4bca-8065-874b74d84807,$0.15,FALSE,FALSE,near_mint,en,USD,,,
non basic lands,Blossoming Sands,BLB,Bloomburrow,396,normal,common,1,96135,ecfa2cc9-e427-4104-bad7-b0294e392b1f,$0.15,FALSE,FALSE,near_mint,en,USD,,,
3.26  scan,Boiling Rock Prison,TLA,Avatar: The Last Airbender,267,normal,common,1,109390,1c2e2220-54d1-4180-93a0-964e3b0ba8b8,$0.15,FALSE,FALSE,near_mint,en,USD,,,
extra cards,Bombadil's Song,LTR,The Lord of the Rings: Tales of Middle-earth,154,normal,common,1,83137,6391699e-987a-499f-9fec-96f2362760b9,$0.15,FALSE,FALSE,near_mint,en,USD,,,
3.16  scan,Boros Guildgate,FDN,Foundations,684,normal,common,2,100402,3e3c74ea-40e9-4ad9-a491-c208403b68ad,$0.15,FALSE,FALSE,near_mint,en,USD,,,
non basic lands,Boros Guildgate,GRN,Guilds of Ravnica,243,normal,common,1,240,c52ceefc-90d0-49d1-ae54-9a4eab819849,$0.15,FALSE,FALSE,near_mint,en,USD,,,
non basic lands,Boros Guildgate,FDN,Foundations,684,normal,common,1,100402,3e3c74ea-40e9-4ad9-a491-c208403b68ad,$0.15,FALSE,FALSE,near_mint,en,USD,,,
3.26  scan,Boros Guildgate,FDN,Foundations,684,normal,common,2,100402,3e3c74ea-40e9-4ad9-a491-c208403b68ad,$0.15,FALSE,FALSE,near_mint,en,USD,,,
non basic lands,Botanical Plaza,SNC,Streets of New Capenna,350,normal,common,1,67938,ac068b57-568b-41f6-90d2-7b0eef99a74d,$0.20,FALSE,FALSE,near_mint,en,USD,,,
non basic lands,Bountiful Landscape,TDC,Tarkir: Dragonstorm Commander,342,normal,common,1,105048,f1c99617-6e38-4af7-a064-6db9a5e2cc6a,$0.15,FALSE,FALSE,near_mint,en,USD,,,
non basic lands,Brokers Hideout,SNC,Streets of New Capenna,248,normal,common,1,67902,989b299b-daa9-4bda-94e2-9a2f0e8f2bce,$0.58,FALSE,FALSE,near_mint,en,USD,,,
3.16  scan,Brotherhood Headquarters,ACR,Assassin's Creed,80,normal,uncommon,1,95369,535f43c4-8926-4981-967d-f681f98e07d9,$0.15,FALSE,FALSE,near_mint,en,USD,,,
3.16  scan,Cackling Counterpart,DSC,Duskmourn: House of Horror Commander,72,normal,rare,1,98936,eb26e2dd-a81b-46a5-9208-c6b3d2548fbb,$0.19,FALSE,FALSE,near_mint,en,USD,,,
non basic lands,Calciform Pools,TSR,Time Spiral Remastered,275,normal,uncommon,1,57572,297a2b09-562a-46d8-905d-0b32e854e9d2,$0.25,FALSE,FALSE,near_mint,en,USD,,,
3.16  scan,Capital City,FIN,Final Fantasy,274,normal,uncommon,1,106379,f73ce8ec-c916-48eb-ae20-c0d6d03d7145,$0.15,FALSE,FALSE,near_mint,en,USD,,,
non basic lands,Captivating Cave,LCI,The Lost Caverns of Ixalan,268,normal,common,1,88323,1d1a645e-85c7-4044-b817-6e24744d245e,$0.15,FALSE,FALSE,near_mint,en,USD,,,
non basic lands,Castle Embereth,TDC,Tarkir: Dragonstorm Commander,347,normal,rare,1,104540,337f2d97-b317-4c10-b151-7acccf38fca8,$0.25,FALSE,FALSE,near_mint,en,USD,,,
non basic lands,Choked Estuary,MKC,Murders at Karlov Manor Commander,254,normal,rare,1,90572,e9ad18b2-1061-4893-9171-07ffe142a762,$0.29,FALSE,FALSE,near_mint,en,USD,,,
non basic lands,Choked Estuary,WHO,Doctor Who,261,normal,rare,1,87069,0f33320e-8dcb-40e2-a356-038f2eea77d7,$0.29,FALSE,FALSE,near_mint,en,USD,,,
3.16  scan,Cinder Barrens,C19,Commander 2019,235,normal,common,1,45699,08136a39-bf9f-493c-92d6-178567647fb2,$0.15,FALSE,FALSE,near_mint,en,USD,,,
non basic lands,Cinder Barrens,C19,Commander 2019,235,normal,common,1,45699,08136a39-bf9f-493c-92d6-178567647fb2,$0.15,FALSE,FALSE,near_mint,en,USD,,,
non basic lands,Cinder Barrens,C17,Commander 2017,241,normal,uncommon,1,4214,a91dd6b5-03e1-46fa-8c7a-2c780e641550,$0.19,FALSE,FALSE,near_mint,en,USD,,,
3.16  scan,Citanul Hierophants,DSC,Duskmourn: House of Horror Commander,81,normal,rare,1,98940,f378ee17-bf8b-4a83-b42e-86da10817dba,$0.15,FALSE,FALSE,near_mint,en,USD,,,
extra cards,Coat of Arms,TPR,Tempest Remastered,218,foil,rare,1,11270,d95961d3-8a94-45cd-9d5f-1690960e599a,,FALSE,FALSE,near_mint,en,USD,,,
non basic lands,Command Bridge,EOE,Edge of Eternities,252,normal,common,1,106926,247670d2-a7cd-4ed7-9c77-704c7962b815,$0.15,FALSE,FALSE,near_mint,en,USD,,,
non basic lands,Command Tower,M3C,Modern Horizons 3 Commander,331,normal,common,1,94722,27e36832-09ca-4070-8511-94580014c3ed,$0.25,FALSE,FALSE,near_mint,en,USD,,,
3.26  scan,Command Tower,M3C,Modern Horizons 3 Commander,331,normal,common,1,94722,27e36832-09ca-4070-8511-94580014c3ed,$0.25,FALSE,FALSE,near_mint,en,USD,,,
extra cards,Commander's Sphere,ECC,Lorwyn Eclipsed Commander,139,normal,common,1,110579,a0d50603-e31f-4cd7-b4b6-49847d99eb2e,$0.16,FALSE,FALSE,near_mint,en,USD,,,
extra cards,Consider,TDC,Tarkir: Dragonstorm Commander,148,normal,common,1,105076,ff6f3824-3670-46e1-af43-0db405726084,$0.37,FALSE,FALSE,near_mint,en,USD,,,
3.26  scan,Country Roads,DFT,Aetherdrift,253,normal,uncommon,1,103154,897acd91-12ba-4fa8-a26e-c09f009167a8,$0.15,FALSE,FALSE,near_mint,en,USD,,,
3.26  scan,Crafty Cutpurse,C21,Commander 2021,117,normal,rare,1,58506,117d84f7-45c5-4cfc-a5cd-c44416b48417,$0.27,FALSE,FALSE,near_mint,en,USD,,,
3.16  scan,Crossroads Village,FIN,Final Fantasy,276,normal,common,4,106561,64db46d4-f91f-49cc-971c-b8e19f0c4ea9,$0.15,FALSE,FALSE,near_mint,en,USD,,,
3.26  scan,Crossroads Village,FIN,Final Fantasy,276,normal,common,2,106561,64db46d4-f91f-49cc-971c-b8e19f0c4ea9,$0.15,FALSE,FALSE,near_mint,en,USD,,,
non basic lands,Crumbling Necropolis,WHO,Doctor Who,268,normal,uncommon,1,88038,eeb7fadc-dcd8-473a-9b12-d9c8f0a19f79,$0.54,FALSE,FALSE,near_mint,en,USD,,,
non basic lands,Dakmor Salvage,EOC,Edge of Eternities Commander,156,normal,uncommon,1,107057,72474b66-1dda-409d-8703-b026c1777081,$0.19,FALSE,FALSE,near_mint,en,USD,,,
non basic lands,Darksteel Citadel,C21,Commander 2021,285,normal,uncommon,1,58530,2ba7597d-6d76-45b8-b172-342999e401bd,$1.35,FALSE,FALSE,near_mint,en,USD,,,
extra cards,Deep Analysis,TDC,Tarkir: Dragonstorm Commander,150,normal,common,1,104523,2d93b071-d303-4892-bac4-77a75eaa91a1,$0.15,FALSE,FALSE,near_mint,en,USD,,,
non basic lands,Desert of the Fervent,OTC,Outlaws of Thunder Junction Commander,284,normal,common,1,93934,f3766140-b755-4e4b-9d98-0cc0b889f15a,$0.15,FALSE,FALSE,near_mint,en,USD,,,
3.26  scan,Desert of the Fervent,OTC,Outlaws of Thunder Junction Commander,284,normal,common,1,93934,f3766140-b755-4e4b-9d98-0cc0b889f15a,$0.15,FALSE,FALSE,near_mint,en,USD,,,
3.26  scan,Desolation Twin,C21,Commander 2021,82,normal,rare,1,58630,935ad5f7-f86c-4fea-94fe-d111d4435ac4,$0.47,FALSE,FALSE,near_mint,en,USD,,,
3.16  scan,Dimension X,TMT,Teenage Mutant Ninja Turtles,183,normal,common,4,111558,1c244fc2-70f0-4149-b0d2-d49fc6bac2b0,$0.17,FALSE,FALSE,near_mint,en,USD,,,
non basic lands,Dimir Aqueduct,DSC,Duskmourn: House of Horror Commander,270,normal,uncommon,1,99238,84bf9d60-64b8-4209-acfe-e07eefc6bf1f,$0.22,FALSE,FALSE,near_mint,en,USD,,,
3.16  scan,Dimir Guildgate,FDN,Foundations,688,normal,common,2,101376,f9b8a159-5e58-4432-8ecd-62f39afa96da,$0.15,FALSE,FALSE,near_mint,en,USD,,,
non basic lands,Dimir Guildgate,GRN,Guilds of Ravnica,246,normal,common,1,237,3694ac90-e71e-4736-8945-7dbf5b5fd6a9,$0.15,FALSE,FALSE,near_mint,en,USD,,,
non basic lands,Dimir Guildgate,FDN,Foundations,688,normal,common,1,101376,f9b8a159-5e58-4432-8ecd-62f39afa96da,$0.15,FALSE,FALSE,near_mint,en,USD,,,
3.26  scan,Dimir Guildgate,FDN,Foundations,688,normal,common,2,101376,f9b8a159-5e58-4432-8ecd-62f39afa96da,$0.15,FALSE,FALSE,near_mint,en,USD,,,
3.16  scan,Dismal Backwater,M20,Core Set 2020,245,normal,common,1,45215,a5ff247f-82d1-4b79-9ac0-1471a1f0f58b,$0.15,FALSE,FALSE,near_mint,en,USD,,,
non basic lands,Dismal Backwater,M20,Core Set 2020,245,normal,common,1,45215,a5ff247f-82d1-4b79-9ac0-1471a1f0f58b,$0.15,FALSE,FALSE,near_mint,en,USD,,,
non basic lands,Dismal Backwater,ZNC,Zendikar Rising Commander,128,normal,common,1,55488,e20c6b51-48a3-4dbc-90b5-e08f40a58f63,$0.17,FALSE,FALSE,near_mint,en,USD,,,
extra cards,Distant Melody,CMM,Commander Masters,846,normal,common,1,84853,c73c83b5-3a91-4495-b6fb-20cdc6edd07b,$0.64,FALSE,FALSE,near_mint,en,USD,,,
extra cards,Door of Destinies,C17,Commander 2017,208,normal,rare,1,4247,75fd3fea-158a-4575-84a8-879ee9404242,$9.23,FALSE,FALSE,near_mint,en,USD,,,
non basic lands,Dragonskull Summit,PIP,Fallout,261,normal,rare,1,91857,09ed078f-74b4-4ae8-9b2f-6b7b629fff1f,$1.22,FALSE,FALSE,near_mint,en,USD,,,
non basic lands,Dread Statuary,CN2,Conspiracy: Take the Crown,217,normal,uncommon,1,7880,6e54bace-7484-484e-987e-8d3a9a430ab9,$0.15,FALSE,FALSE,near_mint,en,USD,,,
3.26  scan,Dread Statuary,CN2,Conspiracy: Take the Crown,217,normal,uncommon,1,7880,6e54bace-7484-484e-987e-8d3a9a430ab9,$0.15,FALSE,FALSE,near_mint,en,USD,,,
non basic lands,Dreadship Reef,TSR,Time Spiral Remastered,276,normal,uncommon,1,57535,18642a9e-ac45-402b-bb56-08cb6336c485,$0.25,FALSE,FALSE,near_mint,en,USD,,,
non basic lands,Dromar's Cavern,DMR,Dominaria Remastered,246,normal,uncommon,1,77779,10380662-88bd-4bc5-b8c3-14af425fc5a5,$0.18,FALSE,FALSE,near_mint,en,USD,,,
extra cards,Dunland Crebain,LTR,The Lord of the Rings: Tales of Middle-earth,82,normal,common,1,83160,695c05ab-e46e-46c7-bd2e-ef0b2307e449,$0.15,FALSE,FALSE,near_mint,en,USD,,,
3.16  scan,Eclipsed Realms,ECL,Lorwyn Eclipsed,263,normal,uncommon,2,110801,a174f0db-8b4f-4c37-9583-44c92d37b9c0,$0.25,FALSE,FALSE,near_mint,en,USD,,,
3.26  scan,"Eden, Seat of the Sanctum",FIN,Final Fantasy,277,normal,uncommon,1,106674,e28eac1e-adc7-4f8d-b206-bef09ba07d38,$0.18,FALSE,FALSE,near_mint,en,USD,,,
3.26  scan,Encroaching Wastes,CMR,Commander Legends,481,normal,uncommon,1,56148,a591bffd-2f03-48f4-a719-04f2142abd77,$0.20,FALSE,FALSE,near_mint,en,USD,,,
extra cards,Evolution Witness,MH3,Modern Horizons 3,151,normal,common,2,94439,4d89283e-9783-4006-9294-4ae0473d2ce6,$0.30,FALSE,FALSE,near_mint,en,USD,,,
3.16  scan,Evolving Wilds,DSC,Duskmourn: House of Horror Commander,274,normal,common,1,99386,e524216c-ed35-49a3-868f-7ad0a0027a80,$0.15,FALSE,FALSE,near_mint,en,USD,,,
3.16  scan,Evolving Wilds,IKO,Ikoria: Lair of Behemoths,247,normal,common,1,49830,8e3d6745-8904-4905-a98f-d43f18b51d6d,$0.18,FALSE,FALSE,near_mint,en,USD,,,
3.16  scan,Evolving Wilds,ECL,Lorwyn Eclipsed,264,normal,common,3,110560,8c632984-5176-4c37-91df-6577cc294b85,$0.15,FALSE,FALSE,near_mint,en,USD,,,
non basic lands,Evolving Wilds,EOC,Edge of Eternities Commander,158,normal,common,1,106990,31181bd2-3a1f-4cb9-ba30-637ac479133a,$0.15,FALSE,FALSE,near_mint,en,USD,,,
non basic lands,Evolving Wilds,TDM,Tarkir: Dragonstorm,255,normal,common,1,104685,62209251-4118-4843-895b-46afb7284c75,$0.15,FALSE,FALSE,near_mint,en,USD,,,
3.26  scan,Evolving Wilds,FDN,Foundations,262,normal,common,1,100376,3a0b9356-5b91-4542-8802-f0f7275238e1,$0.15,FALSE,FALSE,near_mint,en,USD,,,
3.26  scan,Exotic Orchard,FIC,Final Fantasy Commander,390,normal,rare,1,105912,47c2b572-b54a-444c-8d74-b005e94d751f,$0.19,FALSE,FALSE,near_mint,en,USD,,,
extra cards,Expansion // Explosion,TDC,Tarkir: Dragonstorm Commander,287,normal,rare,1,104697,65c091fa-00a8-4f20-8148-46db3fc3c67d,$0.18,FALSE,FALSE,near_mint,en,USD,,,
extra cards,"Fandaniel, Telophoroi Ascian",FIC,Final Fantasy Commander,46,normal,rare,1,105811,08c9bf6c-fc52-4565-96d1-951a314e59e5,$0.25,FALSE,FALSE,near_mint,en,USD,,,
extra cards,Fecund Greenshell,BLB,Bloomburrow,171,normal,rare,1,96071,80b3e815-0e2e-4325-b1d5-5531b7b92da6,$1.08,FALSE,FALSE,near_mint,en,USD,,,
non basic lands,Flood Plain,CMM,Commander Masters,994,normal,uncommon,1,84419,61fc0fba-c285-4fad-85a6-79fd7f3f9c35,$0.62,FALSE,FALSE,near_mint,en,USD,,,
3.16  scan,Foggy Bottom Swamp,TLA,Avatar: The Last Airbender,269,normal,common,1,109396,226af626-873d-4bd2-b889-000f8316786f,$0.15,FALSE,FALSE,near_mint,en,USD,,,
3.26  scan,Foggy Bottom Swamp,TLA,Avatar: The Last Airbender,269,normal,common,1,109396,226af626-873d-4bd2-b889-000f8316786f,$0.15,FALSE,FALSE,near_mint,en,USD,,,
3.16  scan,Foot Headquarters,TMT,Teenage Mutant Ninja Turtles,185,normal,common,1,111569,45e68113-3f05-4547-947d-4cb9ebfa73c7,$0.15,FALSE,FALSE,near_mint,en,USD,,,
non basic lands,Foreboding Landscape,TDC,Tarkir: Dragonstorm Commander,365,normal,common,1,104970,cf53f97c-dd4c-44bd-93ba-faa6d64c985a,$0.20,FALSE,FALSE,near_mint,en,USD,,,
non basic lands,Foreboding Ruins,WHO,Doctor Who,279,normal,rare,1,88056,f1724c72-8e0e-4380-82ba-1f9ec8e45f01,$0.27,FALSE,FALSE,near_mint,en,USD,,,
3.26  scan,Forgotten Cave,BLC,Bloomburrow Commander,305,normal,common,1,96511,e8ae2de4-0460-40b4-aa41-70f95919923e,$0.15,FALSE,FALSE,near_mint,en,USD,,,
3.16  scan,Forsaken Sanctuary,RIX,Rivals of Ixalan,187,normal,uncommon,1,2831,32e5daf3-6a55-4c2f-92d1-33e0755ee280,$0.15,FALSE,FALSE,near_mint,en,USD,,,
non basic lands,Forsaken Sanctuary,C18,Commander 2018,247,normal,uncommon,1,596,f3e0b983-62e7-43fb-b5d5-402ea60a64d7,$0.18,FALSE,FALSE,near_mint,en,USD,,,
non basic lands,Forsaken Sanctuary,RIX,Rivals of Ixalan,187,normal,uncommon,1,2831,32e5daf3-6a55-4c2f-92d1-33e0755ee280,$0.15,FALSE,FALSE,near_mint,en,USD,,,
3.16  scan,Foul Orchard,KHC,Kaldheim Commander,110,normal,uncommon,1,57195,1e1bad7b-e102-4dff-b79a-fd755c2b6d49,$0.17,FALSE,FALSE,near_mint,en,USD,,,
non basic lands,Foul Orchard,KHC,Kaldheim Commander,110,normal,uncommon,2,57195,1e1bad7b-e102-4dff-b79a-fd755c2b6d49,$0.17,FALSE,FALSE,near_mint,en,USD,,,
3.26  scan,Fractal Summoning,STX,Strixhaven: School of Mages,187,normal,common,1,58322,cc3f1f7e-eb19-49c1-a1ee-93b85ac8815c,$0.15,FALSE,FALSE,near_mint,en,USD,,,
extra cards,Frantic Search,TDC,Tarkir: Dragonstorm Commander,153,normal,common,1,104847,a1c71f3e-16be-492a-8a3e-5911867270bd,$0.55,FALSE,FALSE,near_mint,en,USD,,,
3.26  scan,Funeral Room // Awakening Hall,DSK,Duskmourn: House of Horror,338,normal,mythic,1,98928,da30e940-acba-4f10-bd0e-3a0b165233f9,$6.29,FALSE,FALSE,near_mint,en,USD,,,
extra cards,Galewind Moose,BLB,Bloomburrow,173,normal,uncommon,1,95871,58706bd8-558a-43b9-9f1e-c1ff0044203b,$0.15,FALSE,FALSE,near_mint,en,USD,,,
non basic lands,Game Trail,BLC,Bloomburrow Commander,306,normal,rare,1,96503,e42e3260-33d7-4cee-8cac-61ed006abf3e,$0.19,FALSE,FALSE,near_mint,en,USD,,,
3.16  scan,Gateway Plaza,RNA,Ravnica Allegiance,247,normal,common,1,43618,3433a2c2-d252-4cd8-97e8-389875b2cda0,$0.15,FALSE,FALSE,near_mint,en,USD,,,
3.26  scan,Geometric Nexus,C21,Commander 2021,77,normal,rare,1,58550,3f200a52-ecf6-4890-9307-e9296080ff9a,$0.25,FALSE,FALSE,near_mint,en,USD,,,
3.16  scan,Giggling Skitterspike,DSC,Duskmourn: House of Horror Commander,39,normal,rare,1,98948,fba20e7e-9581-4a9b-bdda-5c85d3450d4c,$5.98,FALSE,FALSE,near_mint,en,USD,,,
extra cards,"GlÃ³in, Dwarf Emissary",LTR,The Lord of the Rings: Tales of Middle-earth,132,normal,rare,1,83261,868a2aa7-bcaf-409b-8802-d00ee1f2ae77,$0.60,FALSE,FALSE,near_mint,en,USD,,,
3.16  scan,"Gohn, Town of Ruin",FIN,Final Fantasy,278,normal,common,1,106602,99582781-613e-4a33-aec7-7569b4a961aa,$0.15,FALSE,FALSE,near_mint,en,USD,,,
3.26  scan,"Gohn, Town of Ruin",FIN,Final Fantasy,278,normal,common,1,106602,99582781-613e-4a33-aec7-7569b4a961aa,$0.20,FALSE,FALSE,near_mint,en,USD,,,
3.16  scan,Golgari Guildgate,GRN,Guilds of Ravnica,249,normal,common,1,234,f0a021e9-b11a-4028-86c9-01b62eae1877,$0.15,FALSE,FALSE,near_mint,en,USD,,,
3.16  scan,Golgari Guildgate,FDN,Foundations,689,normal,common,1,100836,92d4646c-a375-4835-aa58-8bb77d1a5abf,$0.15,FALSE,FALSE,near_mint,en,USD,,,
non basic lands,Golgari Guildgate,GRN,Guilds of Ravnica,249,normal,common,1,234,f0a021e9-b11a-4028-86c9-01b62eae1877,$0.15,FALSE,FALSE,near_mint,en,USD,,,
non basic lands,Golgari Guildgate,FDN,Foundations,689,normal,common,1,100836,92d4646c-a375-4835-aa58-8bb77d1a5abf,$0.15,FALSE,FALSE,near_mint,en,USD,,,
3.26  scan,Golgari Guildgate,FDN,Foundations,689,normal,common,1,100836,92d4646c-a375-4835-aa58-8bb77d1a5abf,$0.15,FALSE,FALSE,near_mint,en,USD,,,
extra cards,"Gollum, Patient Plotter",LTR,The Lord of the Rings: Tales of Middle-earth,84,normal,uncommon,1,83069,4ddda7d4-0226-404f-8418-f1f5720dcef8,$0.16,FALSE,FALSE,near_mint,en,USD,,,
3.16  scan,"Gongaga, Reactor Town",FIN,Final Fantasy,280,normal,common,3,106580,7beccfa6-3e4b-4460-954e-870cb39e462d,$0.15,FALSE,FALSE,near_mint,en,USD,,,
3.26  scan,"Gongaga, Reactor Town",FIN,Final Fantasy,280,normal,common,1,106580,7beccfa6-3e4b-4460-954e-870cb39e462d,$0.15,FALSE,FALSE,near_mint,en,USD,,,
non basic lands,Grasslands,CMM,Commander Masters,1002,normal,uncommon,1,85022,ecf52798-b2e0-4d0a-a41b-8927bfa60375,$0.30,FALSE,FALSE,near_mint,en,USD,,,
extra cards,"GrishnÃ¡kh, Brash Instigator",LTR,The Lord of the Rings: Tales of Middle-earth,134,normal,uncommon,1,83136,6385e769-f805-499d-9f47-494533362152,$0.15,FALSE,FALSE,near_mint,en,USD,,,
3.16  scan,Grixis Panorama,NCC,New Capenna Commander,407,normal,common,1,68448,e49dd5f0-1afa-4301-acdb-28424e2553b9,$0.28,FALSE,FALSE,near_mint,en,USD,,,
3.16  scan,Gruul Guildgate,RNA,Ravnica Allegiance,249,normal,common,1,43616,33d10573-1695-4a73-b92d-d478572b85ec,$0.15,FALSE,FALSE,near_mint,en,USD,,,
non basic lands,Gruul Guildgate,FDN,Foundations,690,normal,common,1,100381,3ab6c240-c97d-4a5c-bc39-860c2d9901c2,$0.15,FALSE,FALSE,near_mint,en,USD,,,
non basic lands,Gruul Guildgate,RNA,Ravnica Allegiance,249,normal,common,1,43616,33d10573-1695-4a73-b92d-d478572b85ec,$0.15,FALSE,FALSE,near_mint,en,USD,,,
3.26  scan,Gruul Guildgate,FDN,Foundations,690,normal,common,4,100381,3ab6c240-c97d-4a5c-bc39-860c2d9901c2,$0.15,FALSE,FALSE,near_mint,en,USD,,,
non basic lands,Gruul Turf,ECC,Lorwyn Eclipsed Commander,152,normal,uncommon,1,110657,f19d2b68-1415-4a0c-bb68-cfacb611c4d2,$0.15,FALSE,FALSE,near_mint,en,USD,,,
3.16  scan,"Guadosalam, Farplane Gateway",FIN,Final Fantasy,281,normal,common,1,106668,dfcbc131-fd50-4908-b539-c8e52bb70c58,$0.15,FALSE,FALSE,near_mint,en,USD,,,
3.26  scan,"Guadosalam, Farplane Gateway",FIN,Final Fantasy,281,normal,common,1,106668,dfcbc131-fd50-4908-b539-c8e52bb70c58,$0.15,FALSE,FALSE,near_mint,en,USD,,,
extra cards,Hard Evidence,H2R,Modern Horizons 2 Timeshifts,5,normal,common,1,94606,c55901dc-3f5a-490d-8496-5b844530d410,$0.33,FALSE,FALSE,near_mint,en,USD,,,
extra cards,Harmonize,BLC,Bloomburrow Commander,120,normal,uncommon,1,96441,bb27bd6f-dec5-4e05-b228-d606a03380ad,$0.22,FALSE,FALSE,near_mint,en,USD,,,
extra cards,Haunt of the Dead Marshes,LTR,The Lord of the Rings: Tales of Middle-earth,90,normal,common,1,83151,673c6c12-2513-4d1b-acf0-6a1f741d49dd,$0.15,FALSE,FALSE,near_mint,en,USD,,,
non basic lands,Haunted Fengraf,C18,Commander 2018,254,normal,common,1,589,97a1d55a-39a8-4bf4-91b7-5565146c9c40,$0.24,FALSE,FALSE,near_mint,en,USD,,,
3.16  scan,Haunted Mire,TDC,Tarkir: Dragonstorm Commander,369,normal,common,1,104579,402ff237-6581-47d5-a3f5-a7bdae505b41,$0.15,FALSE,FALSE,near_mint,en,USD,,,
extra cards,Heartstone,STH,Stronghold,134,normal,uncommon,1,36511,0ed17325-6d2f-404e-b13f-d2d419d522b7,$2.14,FALSE,FALSE,near_mint,en,USD,,,
3.26  scan,Hidden Grotto,BLB,Bloomburrow,254,normal,common,1,95918,4ba8f2e7-8357-4862-97dc-1942d066023a,$0.15,FALSE,FALSE,near_mint,en,USD,,,
non basic lands,Highland Forest,CLB,Commander Legends: Battle for Baldur's Gate,896,normal,common,1,69528,59f64a32-c364-4750-94ed-d4d71c1a3511,$0.35,FALSE,FALSE,near_mint,en,USD,,,Marks 50 land deck
3.16  scan,Highland Lake,AKH,Amonkhet,282,normal,common,1,5403,7b64bd5c-d014-4a5e-bb71-7cee8756ae8c,$0.15,FALSE,FALSE,near_mint,en,USD,,,
non basic lands,Highland Lake,C19,Commander 2019,251,normal,uncommon,2,45683,46bb20af-a326-4a42-94d3-cb1990300e0f,$0.19,FALSE,FALSE,near_mint,en,USD,,,
3.16  scan,Illegitimate Business,TMT,Teenage Mutant Ninja Turtles,186,normal,common,2,111583,71597acf-1ce6-46a8-b6c0-88755c8a377c,$0.20,FALSE,FALSE,near_mint,en,USD,,,
3.26  scan,Inquisitive Glimmer,DSK,Duskmourn: House of Horror,217,normal,uncommon,1,98752,f1f66e3e-9f1f-4601-aa30-30b66805a5a8,$0.20,FALSE,FALSE,near_mint,en,USD,,,
3.16  scan,"Insomnia, Crown City",FIN,Final Fantasy,282,normal,common,1,106502,07fca511-a65c-4779-82c0-9215b0dcd068,$0.15,FALSE,FALSE,near_mint,en,USD,,,
3.26  scan,"Insomnia, Crown City",FIN,Final Fantasy,282,normal,common,2,106502,07fca511-a65c-4779-82c0-9215b0dcd068,$0.15,FALSE,FALSE,near_mint,en,USD,,,
non basic lands,Interplanar Beacon,CMM,Commander Masters,1004,normal,uncommon,1,84808,bc1bed72-2440-4364-a69f-a9d7c4fe3fea,$0.17,FALSE,FALSE,near_mint,en,USD,,,
3.16  scan,Izzet Boilerworks,M3C,Modern Horizons 3 Commander,350,normal,uncommon,1,94795,af8535f9-463e-4963-94db-db0e22605275,$0.31,FALSE,FALSE,near_mint,en,USD,,,
non basic lands,Izzet Boilerworks,M3C,Modern Horizons 3 Commander,350,normal,uncommon,1,94795,af8535f9-463e-4963-94db-db0e22605275,$0.29,FALSE,FALSE,near_mint,en,USD,,,
3.16  scan,Izzet Guildgate,GRN,Guilds of Ravnica,252,normal,common,1,231,fc36bb2a-115d-4e24-a1e9-02b21773e945,$0.15,FALSE,FALSE,near_mint,en,USD,,,
3.16  scan,Izzet Guildgate,C18,Commander 2018,257,normal,common,1,586,771ddb6f-607c-487e-b64b-5c9ff0579183,,FALSE,FALSE,near_mint,en,USD,,,
non basic lands,Izzet Guildgate,FDN,Foundations,691,normal,common,1,101219,db9e6fc9-813d-4a71-8a68-8e0f83fa945d,$0.15,FALSE,FALSE,near_mint,en,USD,,,
non basic lands,Izzet Guildgate,C18,Commander 2018,257,normal,common,1,586,771ddb6f-607c-487e-b64b-5c9ff0579183,,FALSE,FALSE,near_mint,en,USD,,,
3.26  scan,Izzet Guildgate,FDN,Foundations,691,normal,common,1,101219,db9e6fc9-813d-4a71-8a68-8e0f83fa945d,$0.15,FALSE,FALSE,near_mint,en,USD,,,
3.16  scan,Jungle Hollow,DFT,Aetherdrift,256,normal,common,1,103126,7dd24a1a-08db-4fa7-8939-f5541677327e,$0.15,FALSE,FALSE,near_mint,en,USD,,,
3.16  scan,Jungle Hollow,IKO,Ikoria: Lair of Behemoths,249,normal,common,1,49828,01926862-bf2d-4a2b-af94-1ea5e4dd7444,$0.17,FALSE,FALSE,near_mint,en,USD,,,
non basic lands,Jungle Hollow,NEO,Kamigawa: Neon Dynasty,269,normal,common,1,66921,deadca61-0be9-4eeb-ba12-bc73a49bae74,$0.17,FALSE,FALSE,near_mint,en,USD,,,
non basic lands,Jungle Hollow,IKO,Ikoria: Lair of Behemoths,249,normal,common,1,49828,01926862-bf2d-4a2b-af94-1ea5e4dd7444,$0.17,FALSE,FALSE,near_mint,en,USD,,,
non basic lands,Jungle Shrine,ECC,Lorwyn Eclipsed Commander,154,normal,uncommon,1,110434,0b1a84b6-4202-4413-80ed-4142c51e619a,$0.16,FALSE,FALSE,near_mint,en,USD,,,
3.26  scan,"Kaseto, Orochi Archmage",C21,Commander 2021,221,normal,mythic,1,58547,3cae9bae-bcea-4b4b-965f-8b14339e724b,$0.50,FALSE,FALSE,near_mint,en,USD,,,
3.26  scan,Kazandu Tuskcaller,C21,Commander 2021,196,normal,rare,1,58739,f5453591-6377-40de-892c-e8dd46687d11,$0.24,FALSE,FALSE,near_mint,en,USD,,,
3.16  scan,Kefnet the Mindful,DSC,Duskmourn: House of Horror Commander,118,normal,mythic,1,99344,ca06ae1a-4080-450a-8ff0-ad6aafd8f04c,$0.25,FALSE,FALSE,near_mint,en,USD,,,
3.16  scan,"Kianne, Corrupted Memory",DSC,Duskmourn: House of Horror Commander,2,normal,mythic,1,98927,d970c966-9a89-4c4c-ac73-8cf8fffe7721,$0.43,FALSE,FALSE,near_mint,en,USD,,,
extra cards,Languish,CM2,Commander Anthology Volume II,67,normal,rare,1,1670,91bea17e-1b18-461b-8247-02fc56379575,$0.74,FALSE,FALSE,near_mint,en,USD,,,
extra cards,Lazotep Plating,WAR,War of the Spark,59,normal,uncommon,1,44345,f03b5405-6016-405b-a504-a454731b9276,$0.50,FALSE,FALSE,near_mint,en,USD,,,
extra cards,Lifestream's Blessing,FIC,Final Fantasy Commander,67,normal,rare,1,105916,48b4101b-3428-4b6b-818a-6097a093e9b5,$0.30,FALSE,FALSE,near_mint,en,USD,,,
non basic lands,Lonely Sandbar,C20,Commander 2020,287,normal,uncommon,1,50131,f93d8da4-7af1-481a-b0a6-78df793b91f0,$0.19,FALSE,FALSE,near_mint,en,USD,,,
3.16  scan,Looming Spires,BFZ,Battle for Zendikar,238,normal,common,1,10113,b88177a2-de41-417d-a8f1-07edf005b453,$0.21,FALSE,FALSE,near_mint,en,USD,,,
extra cards,"Lulu, Stern Guardian",FIC,Final Fantasy Commander,38,normal,rare,1,106069,9c0b1d5d-2b10-4dde-bb95-8cbf780cca97,$0.58,FALSE,FALSE,near_mint,en,USD,,,
non basic lands,Meandering River,KHC,Kaldheim Commander,114,normal,common,1,57276,e283db9e-6a51-4b28-9f6c-0c040a9d6d8c,$0.16,FALSE,FALSE,near_mint,en,USD,,,
3.16  scan,Memorial to Unity,DOM,Dominaria,245,normal,uncommon,1,2031,994d903b-0d54-4af4-898f-213e716e9ed4,$0.15,FALSE,FALSE,near_mint,en,USD,,,
extra cards,Mind Stone,WHO,Doctor Who,244,normal,uncommon,1,87445,6ac8db7a-009a-4141-bba7-b5fdfaf8d245,$0.25,FALSE,FALSE,near_mint,en,USD,,,
non basic lands,Mishra's Factory,DMR,Dominaria Remastered,251,normal,uncommon,1,77970,6e9fec20-a52c-42c0-9928-c572d9e1b21f,$0.15,FALSE,FALSE,near_mint,en,USD,,,
3.26  scan,Mishra's Factory,DMR,Dominaria Remastered,251,normal,uncommon,2,77970,6e9fec20-a52c-42c0-9928-c572d9e1b21f,$0.15,FALSE,FALSE,near_mint,en,USD,,,
3.26  scan,Mistvault Bridge,MH2,Modern Horizons 2,249,normal,common,1,59709,9f36a6e2-3e51-4a30-a225-10cfe6650b9d,$0.55,FALSE,FALSE,near_mint,en,USD,,,
non basic lands,Molten Slagheap,TSR,Time Spiral Remastered,282,normal,uncommon,1,57637,4d952491-3a33-42af-9748-d2cb9c5a2f76,$0.15,FALSE,FALSE,near_mint,en,USD,,,
extra cards,Mordor Muster,LTR,The Lord of the Rings: Tales of Middle-earth,96,normal,common,1,83385,aae2f15a-0629-453e-992c-a199af194a3c,$0.15,FALSE,FALSE,near_mint,en,USD,,,
extra cards,Moria Scavenger,LTC,Tales of Middle-earth Commander,63,normal,rare,1,83614,ea926187-ac8e-4197-8fd4-ac6b8d818d83,$0.24,FALSE,FALSE,near_mint,en,USD,,,
3.16  scan,Mutant Town,TMT,Teenage Mutant Ninja Turtles,187,normal,common,1,111601,c6eac43d-08b6-45a4-803b-10a321a241d7,$0.15,FALSE,FALSE,near_mint,en,USD,,,
3.16  scan,Myriad Landscape,EOC,Edge of Eternities Commander,169,normal,uncommon,1,107112,a0e2098f-1d94-491a-a7e9-a45a9f69e3a8,$0.25,FALSE,FALSE,near_mint,en,USD,,,
non basic lands,Myriad Landscape,EOC,Edge of Eternities Commander,169,normal,uncommon,1,107112,a0e2098f-1d94-491a-a7e9-a45a9f69e3a8,$0.25,FALSE,FALSE,near_mint,en,USD,,,
extra cards,"Nadu, Winged Wisdom",MH3,Modern Horizons 3,377,normal,rare,1,94518,8281df8a-2fde-454a-813c-d9f86bb35d36,$0.55,FALSE,FALSE,near_mint,en,USD,,,
extra cards,Nature's Lore,S99,Starter 1999,136,normal,common,1,34566,02a56bce-fd1c-46ab-a941-61f2ef93dc9d,$2.95,FALSE,FALSE,near_mint,en,USD,,,
non basic lands,New Benalia,C18,Commander 2018,270,normal,uncommon,1,573,a11a0f9c-2253-468f-a9c0-42e1e38aad96,$0.22,FALSE,FALSE,near_mint,en,USD,,,
3.26  scan,Night Market,DFT,Aetherdrift,258,normal,common,1,103214,a8c1dce3-6136-4294-9d2b-5ef8527d733b,$0.15,FALSE,FALSE,near_mint,en,USD,,,
extra cards,Night's Whisper,ECC,Lorwyn Eclipsed Commander,81,normal,common,1,110620,c6627166-bf0e-49f2-9077-252cfb0fab4d,$0.30,FALSE,FALSE,near_mint,en,USD,,,
3.26  scan,North Pole Gates,TLA,Avatar: The Last Airbender,274,normal,common,1,109528,bcf7b9da-d35d-4338-b4d9-83e47dc058ee,$0.15,FALSE,FALSE,near_mint,en,USD,,,
3.26  scan,Omashu City,TLA,Avatar: The Last Airbender,275,normal,common,1,109535,c21e413b-96ed-4ded-b567-f1647074ce5f,$0.15,FALSE,FALSE,near_mint,en,USD,,,
3.16  scan,Ominous Asylum,SPM,Marvel's Spider-Man,181,normal,common,1,108509,4329f94a-9110-4f07-b4a6-f1ccae97ccc9,$0.15,FALSE,FALSE,near_mint,en,USD,,,
non basic lands,Opal Palace,M3C,Modern Horizons 3 Commander,361,normal,common,1,94972,76219ec4-65dc-4137-9b3b-070e02524397,$0.20,FALSE,FALSE,near_mint,en,USD,,,
3.26  scan,Opal Palace,M3C,Modern Horizons 3 Commander,361,normal,common,4,94972,76219ec4-65dc-4137-9b3b-070e02524397,$0.23,FALSE,FALSE,near_mint,en,USD,,,
extra cards,Opt,OTC,Outlaws of Thunder Junction Commander,104,normal,common,1,93670,67bcf3fd-fca0-4cdb-b625-bac5fadd00e3,$0.23,FALSE,FALSE,near_mint,en,USD,,,
extra cards,Orcish Medicine,LTR,The Lord of the Rings: Tales of Middle-earth,104,normal,common,1,83149,66fae9ab-2302-4dea-a4e8-701938a0ef09,$0.15,FALSE,FALSE,near_mint,en,USD,,,
non basic lands,Orzhov Basilica,DRC,Aetherdrift Commander,164,normal,uncommon,2,103274,cc8f8ede-9620-4f7f-8326-a75031ef6ec1,$0.15,FALSE,FALSE,near_mint,en,USD,,,
3.16  scan,Orzhov Guildgate,RNA,Ravnica Allegiance,253,normal,common,1,43612,f7046b5e-622f-4ae8-9ddd-709ccd61000e,$0.20,FALSE,FALSE,near_mint,en,USD,,,
non basic lands,Orzhov Guildgate,CLU,Ravnica: Clue Edition,242,normal,common,1,91267,e59ddc7f-6c6e-4acc-aac7-63736a77a199,$0.19,FALSE,FALSE,near_mint,en,USD,,,
non basic lands,Orzhov Guildgate,RNA,Ravnica Allegiance,253,normal,common,1,43612,f7046b5e-622f-4ae8-9ddd-709ccd61000e,$0.20,FALSE,FALSE,near_mint,en,USD,,,
non basic lands,Painted Bluffs,OTC,Outlaws of Thunder Junction Commander,309,normal,common,1,93941,f7ed919b-95ff-40fe-8f53-5d462c5d0205,$0.15,FALSE,FALSE,near_mint,en,USD,,,
extra cards,Papalymo Totolymo,FIC,Final Fantasy Commander,90,normal,rare,1,105816,0b876b1e-fcf4-4e5c-81b0-1080ac8099ed,$0.25,FALSE,FALSE,near_mint,en,USD,,,
non basic lands,Path of Ancestry,ECC,Lorwyn Eclipsed Commander,158,normal,common,1,110482,3b792a6a-beac-4d4a-91b6-f5a5e3539ecd,$0.16,FALSE,FALSE,near_mint,en,USD,,,
extra cards,"Phelia, Exuberant Shepherd",MH3,Modern Horizons 3,364,normal,rare,1,94248,95505d46-fc4f-4e2d-8e08-380d392b74a4,$8.36,FALSE,FALSE,near_mint,en,USD,,,
extra cards,Preordain,TDC,Tarkir: Dragonstorm Commander,161,normal,common,1,105006,dd29a0e5-c1de-4e8a-8866-715e9f9cde1f,$0.58,FALSE,FALSE,near_mint,en,USD,,,
3.16  scan,Prismari Campus,CLB,Commander Legends: Battle for Baldur's Gate,909,normal,common,1,69645,bf90c219-508f-49af-a7f9-540021d49d8c,$0.25,FALSE,FALSE,near_mint,en,USD,,,
extra cards,Profane Tutor,MH2,Modern Horizons 2,97,normal,rare,1,59467,2afc6f7d-ab59-4d64-bd11-6bd0fd4bfcd2,$3.34,FALSE,FALSE,near_mint,en,USD,,,
non basic lands,Public Thoroughfare,MKM,Murders at Karlov Manor,265,normal,common,1,90703,1f8b915f-3e82-4b05-b963-01ebff7a8f7b,$0.15,FALSE,FALSE,near_mint,en,USD,,,
extra cards,Quaketusk Boar,BLB,Bloomburrow,146,normal,uncommon,1,95869,2f2b7fd3-a139-49ea-8a89-b64261e868ef,$0.15,FALSE,FALSE,near_mint,en,USD,,,
3.16  scan,Quandrix Campus,DSC,Duskmourn: House of Horror Commander,294,normal,common,1,99415,f5e038d0-788d-4ed1-b2b3-bc2748febf05,$0.15,FALSE,FALSE,near_mint,en,USD,,,
non basic lands,Quandrix Campus,DSC,Duskmourn: House of Horror Commander,294,normal,common,1,99415,f5e038d0-788d-4ed1-b2b3-bc2748febf05,$0.15,FALSE,FALSE,near_mint,en,USD,,,
3.16  scan,"Rabanastre, Royal City",FIN,Final Fantasy,287,normal,common,2,106294,c44c9bbe-f4c6-41cf-b3c3-b943f4011bc1,$0.15,FALSE,FALSE,near_mint,en,USD,,,
3.26  scan,"Rabanastre, Royal City",FIN,Final Fantasy,287,normal,common,2,106294,c44c9bbe-f4c6-41cf-b3c3-b943f4011bc1,$0.18,FALSE,FALSE,near_mint,en,USD,,,
non basic lands,Racers' Ring,SNC,Streets of New Capenna,352,normal,common,1,67971,baa5d34b-b052-47f4-95e1-42a9c2d21cdf,$0.20,FALSE,FALSE,near_mint,en,USD,,,
3.16  scan,Rakdos Carnarium,ECC,Lorwyn Eclipsed Commander,161,normal,uncommon,1,110454,20c799a9-ab94-46e6-9111-00505e071c41,$0.20,FALSE,FALSE,near_mint,en,USD,,,
3.16  scan,Rakdos Guildgate,CLU,Ravnica: Clue Edition,244,normal,common,1,91006,806dfa92-a512-4631-811c-d142f350a4fb,$0.19,FALSE,FALSE,near_mint,en,USD,,,
non basic lands,Rakdos Guildgate,CLU,Ravnica: Clue Edition,244,normal,common,2,91006,806dfa92-a512-4631-811c-d142f350a4fb,$0.19,FALSE,FALSE,near_mint,en,USD,,,
3.26  scan,Rakdos Guildgate,FDN,Foundations,693,normal,common,2,101249,e1f01964-c610-4d0f-a2b4-f52e46dc50d2,$0.15,FALSE,FALSE,near_mint,en,USD,,,
3.16  scan,"Rashmi, Eternities Crafter",DSC,Duskmourn: House of Horror Commander,231,normal,mythic,1,99387,e553935f-d8d8-4b98-ab4a-5a2eea3f3626,$0.33,FALSE,FALSE,near_mint,en,USD,,,
extra cards,Rejoin the Fight,FIC,Final Fantasy Commander,49,normal,rare,1,106238,f3140950-1ce2-41b8-91f9-da53bfbee963,$0.16,FALSE,FALSE,near_mint,en,USD,,,
extra cards,Ring of Evos Isle,M13,Magic 2013,211,normal,uncommon,1,17612,a7c740a8-1bbc-4ec8-a72c-01aee9e48f3d,$0.59,FALSE,FALSE,near_mint,en,USD,,,
3.26  scan,Roadside Assistance,DFT,Aetherdrift,26,normal,uncommon,1,103417,8f2a9154-7b43-4b8d-9d81-d11cfda5d597,$0.15,FALSE,FALSE,near_mint,en,USD,,,
non basic lands,Rogue's Passage,FDN,Foundations,264,normal,uncommon,1,100922,a2a424ea-ef32-4ac5-8f8c-3ea1839f01d4,$0.39,FALSE,FALSE,near_mint,en,USD,,,Marks 50 land deck
3.26  scan,Rogue's Passage,FDN,Foundations,264,normal,uncommon,2,100922,a2a424ea-ef32-4ac5-8f8c-3ea1839f01d4,$0.39,FALSE,FALSE,near_mint,en,USD,,,
3.16  scan,Rugged Highlands,FDN,Foundations,265,normal,common,1,101400,fd6eaf8e-8881-4d7b-bafc-75e4ca5cbef6,$0.15,FALSE,FALSE,near_mint,en,USD,,,
non basic lands,Rugged Highlands,MOM,March of the Machine,271,normal,common,1,80443,3aeef1b1-a351-47ce-a686-a0eb0a35a894,$0.15,FALSE,FALSE,near_mint,en,USD,,,
non basic lands,Rugged Highlands,IKO,Ikoria: Lair of Behemoths,252,normal,common,1,49825,9a69fa8f-1c2b-453d-8d54-2748890ce925,$0.15,FALSE,FALSE,near_mint,en,USD,,,
3.26  scan,Rugged Highlands,DFT,Aetherdrift,262,normal,common,2,103106,73b7484f-923c-46c5-95bf-c2c6706c0d48,$0.15,FALSE,FALSE,near_mint,en,USD,,,
3.26  scan,Rumble Arena,TLA,Avatar: The Last Airbender,277,normal,common,3,109688,3f5d2c38-663c-4f64-8cfc-c102462e82ef,$0.20,FALSE,FALSE,near_mint,en,USD,,,
non basic lands,Rupture Spire,CMR,Commander Legends,355,normal,common,1,56188,c7ef4b15-efab-4255-ac2d-7794f253aa52,$0.15,FALSE,FALSE,near_mint,en,USD,,,
non basic lands,Rustvale Bridge,EOC,Edge of Eternities Commander,175,normal,common,1,107339,da54e458-1d4f-45f0-a225-99eb9c4049fb,$0.26,FALSE,FALSE,near_mint,en,USD,,,
3.26  scan,"Ruxa, Patient Professor",C21,Commander 2021,66,normal,rare,1,58714,e07b8142-6a49-46e7-b862-41f89a59b894,$3.99,FALSE,FALSE,near_mint,en,USD,,,
non basic lands,Saltcrusted Steppe,TSR,Time Spiral Remastered,283,normal,uncommon,1,57928,f4d757f1-9398-494f-9a24-b01c5c8c6db5,$0.17,FALSE,FALSE,near_mint,en,USD,,,
non basic lands,Sandsteppe Citadel,CMM,Commander Masters,1024,normal,uncommon,1,84240,37f7d30c-91ec-4d02-9ee0-ed4de495cbf5,$0.28,FALSE,FALSE,near_mint,en,USD,,,
3.16  scan,Sandstone Bridge,BFZ,Battle for Zendikar,243,normal,common,1,10108,c781e932-4605-47aa-add1-4ee62f4e7ead,$0.19,FALSE,FALSE,near_mint,en,USD,,,
3.16  scan,Sandwurm Convergence,DSC,Duskmourn: House of Horror Commander,195,normal,rare,1,99108,3ad9cb61-4072-449b-9b32-83e2192cb292,$0.30,FALSE,FALSE,near_mint,en,USD,,,
3.16  scan,Savage Mansion,SPM,Marvel's Spider-Man,183,normal,common,4,108647,855f59a5-17a8-4aca-8a4d-f98111eba14c,$0.15,FALSE,FALSE,near_mint,en,USD,,,
3.26  scan,Savage Mansion,SPM,Marvel's Spider-Man,183,normal,common,1,108647,855f59a5-17a8-4aca-8a4d-f98111eba14c,$0.20,FALSE,FALSE,near_mint,en,USD,,,
3.16  scan,Scoured Barrens,IKO,Ikoria: Lair of Behemoths,254,normal,common,1,49823,2282018a-46c8-41ca-ab93-f7dbf32cd295,$0.15,FALSE,FALSE,near_mint,en,USD,,,
3.16  scan,Scoured Barrens,M20,Core Set 2020,251,normal,common,1,45209,3b9edd33-a64e-4526-a89f-edd31ac4b175,$0.15,FALSE,FALSE,near_mint,en,USD,,,
non basic lands,Scoured Barrens,M20,Core Set 2020,251,normal,common,1,45209,3b9edd33-a64e-4526-a89f-edd31ac4b175,$0.15,FALSE,FALSE,near_mint,en,USD,,,
non basic lands,Scoured Barrens,IKO,Ikoria: Lair of Behemoths,254,normal,common,1,49823,2282018a-46c8-41ca-ab93-f7dbf32cd295,$0.15,FALSE,FALSE,near_mint,en,USD,,,
3.26  scan,Scoured Barrens,DFT,Aetherdrift,263,normal,common,2,103221,ac52be0c-49f4-4956-820e-bdd7d2744d2f,$0.22,FALSE,FALSE,near_mint,en,USD,,,
non basic lands,Seaside Citadel,ECC,Lorwyn Eclipsed Commander,166,normal,uncommon,1,110600,b681599f-aa7a-4b3a-a36a-dc6d70fd6a11,$0.16,FALSE,FALSE,near_mint,en,USD,,,
3.26  scan,Secluded Courtyard,FDN,Foundations,267,normal,uncommon,1,101161,d13373d2-139b-48c7-a8c9-828cefc4f150,$0.20,FALSE,FALSE,near_mint,en,USD,,,
non basic lands,Secluded Steppe,CMR,Commander Legends,491,normal,uncommon,1,56141,9c536cbd-3e81-4c6a-a4e1-02fbd2776706,$0.19,FALSE,FALSE,near_mint,en,USD,,,
extra cards,Sedraxis Alchemist,CON,Conflux,54,normal,common,1,23675,7fbbc5d7-86d0-4e09-b37c-e40eb88f3f33,$0.25,FALSE,FALSE,near_mint,en,USD,,,
3.26  scan,Sejiri Refuge,KHC,Kaldheim Commander,118,normal,uncommon,1,57254,b474bfdd-e0b2-4b96-b8eb-84ced9ac5a06,$0.18,FALSE,FALSE,near_mint,en,USD,,,
3.16  scan,Sejiri Steppe,DDG,Duel Decks: Knights vs. Dragons,36,normal,common,1,19940,d45b0ed8-8692-4fa7-b32c-30d29028da3d,$0.30,FALSE,FALSE,near_mint,en,USD,,,
3.16  scan,Selesnya Guildgate,GRN,Guilds of Ravnica,256,normal,common,1,227,ee1db693-5dd9-48de-8520-014d9ad5b596,$0.15,FALSE,FALSE,near_mint,en,USD,,,
3.16  scan,Selesnya Guildgate,CLU,Ravnica: Clue Edition,245,normal,common,1,91142,b48471b4-fb3f-4910-b2d0-5c08cfd44f51,$0.15,FALSE,FALSE,near_mint,en,USD,,,
3.16  scan,Selesnya Guildgate,FDN,Foundations,694,normal,common,2,100619,6718d4e7-768e-473f-8064-a68422e977f6,$0.15,FALSE,FALSE,near_mint,en,USD,,,
non basic lands,Selesnya Guildgate,GRN,Guilds of Ravnica,256,normal,common,1,227,ee1db693-5dd9-48de-8520-014d9ad5b596,$0.15,FALSE,FALSE,near_mint,en,USD,,,
non basic lands,Selesnya Guildgate,CLU,Ravnica: Clue Edition,245,normal,common,1,91142,b48471b4-fb3f-4910-b2d0-5c08cfd44f51,$0.18,FALSE,FALSE,near_mint,en,USD,,,
3.26  scan,Selesnya Guildgate,FDN,Foundations,694,normal,common,2,100619,6718d4e7-768e-473f-8064-a68422e977f6,$0.15,FALSE,FALSE,near_mint,en,USD,,,
non basic lands,Seraph Sanctuary,DDQ,Duel Decks: Blessed vs. Cursed,33,normal,common,1,9150,e1c1fa29-362f-40b4-b67f-513f6592fb3b,$1.06,FALSE,FALSE,near_mint,en,USD,,,
3.26  scan,Serpent's Pass,TLA,Avatar: The Last Airbender,279,normal,common,1,109514,ad87bff5-9b8c-44e4-a6d3-8cc71be9640a,$0.15,FALSE,FALSE,near_mint,en,USD,,,
extra cards,Shadow of the Enemy,LTR,The Lord of the Rings: Tales of Middle-earth,107,normal,mythic,1,83591,e47cab70-55cb-481c-b4cd-32a41251f210,$0.60,FALSE,FALSE,near_mint,en,USD,,,
3.16  scan,"Sharlayan, Nation of Scholars",FIN,Final Fantasy,288,normal,common,2,106579,7a745b5e-cdb8-4d05-ac5c-87be69536da6,$0.15,FALSE,FALSE,near_mint,en,USD,,,
3.26  scan,"Sharlayan, Nation of Scholars",FIN,Final Fantasy,288,normal,common,1,106579,7a745b5e-cdb8-4d05-ac5c-87be69536da6,$0.15,FALSE,FALSE,near_mint,en,USD,,,
non basic lands,Shefet Dunes,OTC,Outlaws of Thunder Junction Commander,318,normal,uncommon,1,93848,c9b0a526-73b0-4501-80a3-f16dbef9cdfd,$0.27,FALSE,FALSE,near_mint,en,USD,,,
extra cards,"Sheoldred, Whispering One",PNPH,New Phyrexia Promos,73â˜…,foil,mythic,1,19889,72ddbbac-9914-44ff-b4d4-60989031744e,$17.00,FALSE,FALSE,near_mint,en,USD,,,
extra cards,"Shilgengar, Sire of Famine",MH3,Modern Horizons 3,366,normal,rare,1,94752,68425ba0-7216-46aa-a9c3-c552e4a44203,$0.40,FALSE,FALSE,near_mint,en,USD,,,
3.16  scan,Shimmerdrift Vale,KHM,Kaldheim,267,normal,common,1,57143,f09d98db-0176-41a7-b99b-ead29876cdab,$0.15,FALSE,FALSE,near_mint,en,USD,,,
non basic lands,Shimmering Grotto,LRW,Lorwyn,273,normal,common,1,25169,b5e85acc-ed12-4036-8193-739721c3e178,$0.24,FALSE,FALSE,near_mint,en,USD,,,
3.26  scan,Shimmering Grotto,LRW,Lorwyn,273,normal,common,1,25169,b5e85acc-ed12-4036-8193-739721c3e178,$0.25,FALSE,FALSE,near_mint,en,USD,,,
non basic lands,Silverquill Campus,MOC,March of the Machine Commander,423,normal,common,1,81719,66314fd2-c36b-431d-83e5-c0f8146d3f19,$0.17,FALSE,FALSE,near_mint,en,USD,,,
3.16  scan,Simic Guildgate,CMR,Commander Legends,493,normal,common,1,56218,d93f0124-eb83-4261-8ad2-5590155274a4,$0.15,FALSE,FALSE,near_mint,en,USD,,,
non basic lands,Simic Guildgate,CMR,Commander Legends,493,normal,common,2,56218,d93f0124-eb83-4261-8ad2-5590155274a4,$0.15,FALSE,FALSE,near_mint,en,USD,,,
3.26  scan,Simic Guildgate,FDN,Foundations,695,normal,common,3,100853,96590855-1ee5-4d69-9070-776e23f71976,$0.15,FALSE,FALSE,near_mint,en,USD,,,
3.16  scan,Sinister Hideout,SPM,Marvel's Spider-Man,184,normal,common,1,108622,23190d7e-5165-49bd-b307-bf81877d228d,$0.15,FALSE,FALSE,near_mint,en,USD,,,
3.16  scan,Skaab Ruinator,DSC,Duskmourn: House of Horror Commander,128,normal,mythic,1,99186,668d4e90-61d3-4064-b867-6ac7a49a7d59,$0.15,FALSE,FALSE,near_mint,en,USD,,,
non basic lands,Skybridge Towers,SNC,Streets of New Capenna,354,normal,common,1,67966,b906bdba-534c-4f47-b00b-bb93f92774cd,$0.15,FALSE,FALSE,near_mint,en,USD,,,
non basic lands,Skyline Cascade,BFZ,Battle for Zendikar,246,normal,common,1,10105,29b0027d-c232-4cdd-89c4-75947687aa71,$0.25,FALSE,FALSE,near_mint,en,USD,,,
extra cards,Sliver Hive,M15,Magic 2015,247,foil,rare,1,13605,91cef7ce-aa9f-4659-ac24-394c5ab9f77c,$29.70,FALSE,FALSE,near_mint,en,USD,,,
non basic lands,Smoldering Marsh,ECC,Lorwyn Eclipsed Commander,168,normal,rare,1,110633,d6890462-aeb0-4356-93dc-b2eda0df0c0e,$0.22,FALSE,FALSE,near_mint,en,USD,,,
extra cards,Snarling Warg,LTR,The Lord of the Rings: Tales of Middle-earth,109,normal,common,1,83351,a1ad561c-ccb4-480a-88a4-0555d0ef245e,$0.15,FALSE,FALSE,near_mint,en,USD,,,
extra cards,Soothing of SmÃ©agol,LTR,The Lord of the Rings: Tales of Middle-earth,70,normal,common,1,83459,be6400e8-7f99-4005-9a92-ffbc359d3871,$0.15,FALSE,FALSE,near_mint,en,USD,,,
extra cards,Sowing Mycospawn,MH3,Modern Horizons 3,340,normal,rare,1,94679,f511bfe7-b107-4ec5-b363-f718c19d9579,$3.79,FALSE,FALSE,near_mint,en,USD,,,
3.26  scan,Spawning Kraken,C21,Commander 2021,33,normal,rare,1,58553,44917638-3c84-4c21-b139-5084e6e1efc6,$14.85,FALSE,FALSE,near_mint,en,USD,,,
extra cards,Sphere Grid,FIC,Final Fantasy Commander,70,normal,rare,1,105934,51188b1d-cb45-40f7-a3c2-5652b0679e02,$7.09,FALSE,FALSE,near_mint,en,USD,,,
non basic lands,Spikefield Hazard // Spikefield Cave,ZNR,Zendikar Rising,166,normal,uncommon,1,54683,a69541db-3f4e-412f-aa8e-dec1e74f74dc,$0.43,FALSE,FALSE,near_mint,en,USD,,,
extra cards,Spiteful Sliver,CMM,Commander Masters,881,normal,rare,1,83987,01fb60c9-d10d-4966-b9bd-788fabc182d2,$2.73,FALSE,FALSE,near_mint,en,USD,,,
extra cards,Starforged Sword,BLB,Bloomburrow,249,normal,uncommon,1,96110,c23d8e96-b972-4c6c-b0c4-b6627621f048,$0.15,FALSE,FALSE,near_mint,en,USD,,,
non basic lands,Starlit Sanctum,CLB,Commander Legends: Battle for Baldur's Gate,917,normal,uncommon,1,69716,f5774836-0140-420a-9a0f-8ba291cc5ca8,$0.40,FALSE,FALSE,near_mint,en,USD,,,
3.16  scan,Stone Quarry,CMR,Commander Legends,495,normal,uncommon,2,56154,aa3575e1-7d2c-4777-b469-16f7483bb8e7,$0.15,FALSE,FALSE,near_mint,en,USD,,,
non basic lands,Stone Quarry,M19,Core Set 2019,256,normal,common,1,1056,bac2b853-f788-4b29-a76d-880da61ad91a,$0.15,FALSE,FALSE,near_mint,en,USD,,,
non basic lands,Stone Quarry,CMR,Commander Legends,495,normal,uncommon,1,56154,aa3575e1-7d2c-4777-b469-16f7483bb8e7,$0.15,FALSE,FALSE,near_mint,en,USD,,,
3.26  scan,Study Hall,C21,Commander 2021,80,normal,common,2,58649,a3de9859-98b6-4efe-847a-43bac5b1ef9f,$0.30,FALSE,FALSE,near_mint,en,USD,,,
non basic lands,Submerged Boneyard,AKH,Amonkhet,284,normal,common,1,5401,ad4e966e-cb51-461a-9089-25054dec57fb,$0.17,FALSE,FALSE,near_mint,en,USD,,,
3.16  scan,Suburban Sanctuary,SPM,Marvel's Spider-Man,185,normal,common,1,108514,467df77a-a99c-4cfd-9af4-502eaa2eb2e3,$0.15,FALSE,FALSE,near_mint,en,USD,,,
extra cards,Summons of Saruman,LTC,Tales of Middle-earth Commander,70,normal,rare,1,83506,cbb1bc1f-b1d6-4639-b892-9b1ff6ed65fb,$0.20,FALSE,FALSE,near_mint,en,USD,,,
3.16  scan,Sun-Blessed Peak,TLA,Avatar: The Last Airbender,280,normal,common,1,109515,ae04c862-095f-41d2-8aef-21036d5a0cdc,$0.15,FALSE,FALSE,near_mint,en,USD,,,
3.26  scan,Sun-Blessed Peak,TLA,Avatar: The Last Airbender,280,normal,common,3,109515,ae04c862-095f-41d2-8aef-21036d5a0cdc,$0.15,FALSE,FALSE,near_mint,en,USD,,,
non basic lands,Sunken Hollow,TDC,Tarkir: Dragonstorm Commander,398,normal,rare,2,104592,44f3e367-0dff-4cdb-b23a-52aa57fee946,$0.31,FALSE,FALSE,near_mint,en,USD,,,
non basic lands,Sunscorched Desert,AKH,Amonkhet,249,normal,common,1,5436,405434c7-9206-45b7-af0f-d59aae294d39,$0.30,FALSE,FALSE,near_mint,en,USD,,,
extra cards,Swan Song,EOC,Edge of Eternities Commander,46,normal,rare,1,107292,83d0b761-d694-4232-9f40-5bd8c82a05f1,$8.05,FALSE,FALSE,near_mint,en,USD,,,
3.16  scan,Swiftwater Cliffs,MOM,March of the Machine,273,normal,common,1,80460,957efc4e-c2a9-46a2-b9e3-20dc419ffd05,$0.15,FALSE,FALSE,near_mint,en,USD,,,
3.16  scan,Swiftwater Cliffs,BLB,Bloomburrow,397,normal,common,1,96078,89e43510-c444-4b2e-b2a0-528dcc09c899,$0.20,FALSE,FALSE,near_mint,en,USD,,,
non basic lands,Swiftwater Cliffs,BLB,Bloomburrow,397,normal,common,2,96078,89e43510-c444-4b2e-b2a0-528dcc09c899,$0.20,FALSE,FALSE,near_mint,en,USD,,,
3.26  scan,Swiftwater Cliffs,FDN,Foundations,268,normal,common,1,101389,fb88667d-7088-4889-960f-317486ebe856,$0.15,FALSE,FALSE,near_mint,en,USD,,,
extra cards,Symmetry Matrix,BRO,The Brothers' War,252,normal,uncommon,1,75566,786bce65-1c04-45fc-b81b-e7590afbd117,$0.31,FALSE,FALSE,near_mint,en,USD,,,
extra cards,"Syr Vondam, Sunstar Exemplar",EOE,Edge of Eternities,302,normal,rare,1,107500,9c39b081-ad53-4c43-93f4-3a4ebb24299b,$0.69,FALSE,FALSE,near_mint,en,USD,,,
3.26  scan,Tectonic Edge,M3C,Modern Horizons 3 Commander,384,normal,uncommon,1,94902,02174040-f292-468b-9aa6-4bd468b38cf9,$0.21,FALSE,FALSE,near_mint,en,USD,,,
non basic lands,Temple of Deceit,DRC,Aetherdrift Commander,176,normal,rare,1,103271,ca93efca-93a0-4307-b004-ec74ad9841fc,$0.21,FALSE,FALSE,near_mint,en,USD,,,
non basic lands,Temple of Epiphany,EOC,Edge of Eternities Commander,187,normal,rare,1,107309,a4ee2565-a630-4c7b-93c2-8baba3d3441e,$0.18,FALSE,FALSE,near_mint,en,USD,,,
non basic lands,Temple of Malice,WHO,Doctor Who,317,normal,rare,1,88037,ee9fabb0-9f83-49a3-9da3-d2b1d89fdb61,$0.34,FALSE,FALSE,near_mint,en,USD,,,
3.16  scan,Temple of the False God,OTC,Outlaws of Thunder Junction Commander,334,normal,uncommon,1,93938,f55a1775-9672-4f0c-9aab-30ba90f0d1e6,$0.15,FALSE,FALSE,near_mint,en,USD,,,Marks 50 land deck
non basic lands,Temple of the False God,DSC,Duskmourn: House of Horror Commander,313,normal,uncommon,1,99079,23d62c88-3a7a-4eef-8ec4-ff1243e6ce93,$0.15,FALSE,FALSE,near_mint,en,USD,,,
3.26  scan,Temple of the False God,OTC,Outlaws of Thunder Junction Commander,334,normal,uncommon,2,93938,f55a1775-9672-4f0c-9aab-30ba90f0d1e6,$0.15,FALSE,FALSE,near_mint,en,USD,,,
non basic lands,Terramorphic Expanse,EOC,Edge of Eternities Commander,62,normal,common,1,107056,7102269a-e0d1-42a0-aa9d-fdd53b5aaebe,$0.20,FALSE,FALSE,near_mint,en,USD,,,
non basic lands,Terramorphic Expanse,ECC,Lorwyn Eclipsed Commander,169,normal,common,1,110435,0bea079a-a972-4988-a561-9783b2515166,$0.16,FALSE,FALSE,near_mint,en,USD,,,
3.26  scan,Terramorphic Expanse,OTC,Outlaws of Thunder Junction Commander,336,normal,common,1,93765,9c418bac-c1d1-4fbf-aaca-7bc36b3913c4,$0.15,FALSE,FALSE,near_mint,en,USD,,,
non basic lands,The Dross Pits,ONE,Phyrexia: All Will Be One,251,normal,common,1,78429,19d469f1-2219-4466-9f8a-769ee43e28db,$0.15,FALSE,FALSE,near_mint,en,USD,,,
3.26  scan,The Gold Saucer,FIN,Final Fantasy,279,normal,uncommon,2,106551,5363c881-443d-43df-afd8-f81e1a1741a2,$0.20,FALSE,FALSE,near_mint,en,USD,,,
3.26  scan,Theoretical Duplication,WOC,Wilds of Eldraine Commander,112,normal,rare,1,85446,6290bfef-33a0-4ac6-a33c-66a58584f9d0,$0.60,FALSE,FALSE,near_mint,en,USD,,,
3.16  scan,Thornwood Falls,IKO,Ikoria: Lair of Behemoths,256,normal,common,1,49821,8d011b0f-1681-4a51-9f5d-47ad135d03fe,$0.15,FALSE,FALSE,near_mint,en,USD,,,
non basic lands,Thornwood Falls,ELD,Throne of Eldraine,313,normal,common,1,46058,f5159db6-a87f-40eb-8c5c-821dfb67ff6d,$0.15,FALSE,FALSE,near_mint,en,USD,,,
non basic lands,Thornwood Falls,FDN,Foundations,269,normal,common,1,100424,42799f51-0f8c-444b-974e-dae281a5c697,$0.15,FALSE,FALSE,near_mint,en,USD,,,
non basic lands,Thriving Bluff,ECC,Lorwyn Eclipsed Commander,170,normal,common,1,110558,8a6d17e6-c7f3-4433-a3f2-82076fb10031,$0.15,FALSE,FALSE,near_mint,en,USD,,,
3.26  scan,Thriving Bluff,ECC,Lorwyn Eclipsed Commander,170,normal,common,1,110558,8a6d17e6-c7f3-4433-a3f2-82076fb10031,$0.15,FALSE,FALSE,near_mint,en,USD,,,
3.26  scan,Thriving Bluff,TLE,Avatar: The Last Airbender Eternal,260,normal,common,2,108222,6c382c6a-ec47-4b8d-8ad4-cfc935765742,$0.15,FALSE,FALSE,near_mint,en,USD,,,
3.26  scan,Thriving Grove,TLE,Avatar: The Last Airbender Eternal,261,normal,common,2,108203,4ba5e3b0-98df-40cc-96a3-0a87c3d39b99,$0.15,FALSE,FALSE,near_mint,en,USD,,,
3.16  scan,Thriving Heath,ECC,Lorwyn Eclipsed Commander,172,normal,common,13,110443,13348735-d12e-4858-989f-a74c031ed518,$0.15,FALSE,FALSE,near_mint,en,USD,,,
non basic lands,Thriving Heath,ECC,Lorwyn Eclipsed Commander,172,normal,common,1,110443,13348735-d12e-4858-989f-a74c031ed518,$0.15,FALSE,FALSE,near_mint,en,USD,,,
3.26  scan,Thriving Heath,TLE,Avatar: The Last Airbender Eternal,262,normal,common,2,108171,202ae1e5-df13-4a6f-9202-6a2573809f73,$0.15,FALSE,FALSE,near_mint,en,USD,,,
3.26  scan,Thriving Isle,TLE,Avatar: The Last Airbender Eternal,263,normal,common,2,108247,94f93e5f-dba0-4079-8e6a-dd5d6fe6afa4,$0.15,FALSE,FALSE,near_mint,en,USD,,,
3.26  scan,Thriving Moor,TLE,Avatar: The Last Airbender Eternal,264,normal,common,4,108210,528531e8-4574-4dd5-aa4e-d31ce0f4eb5c,$0.15,FALSE,FALSE,near_mint,en,USD,,,
non basic lands,Timber Gorge,M19,Core Set 2019,258,normal,common,1,1054,07076412-18fe-4e15-bdb5-17111b4a66db,$0.15,FALSE,FALSE,near_mint,en,USD,,,
non basic lands,Tomb of the Spirit Dragon,M3C,Modern Horizons 3 Commander,397,normal,uncommon,1,95026,c5c2da3e-5e82-4236-b866-93bec88d86b0,$0.34,FALSE,FALSE,near_mint,en,USD,,,
extra cards,Training Grounds,MAT,March of the Machine: The Aftermath,9,normal,rare,1,82585,991c27ed-f53c-48c6-8c12-282f44b8d441,$5.78,FALSE,FALSE,near_mint,en,USD,,,
non basic lands,Tramway Station,SNC,Streets of New Capenna,356,normal,common,1,67803,688c5428-0ec0-4778-801b-a5ea83c88691,$0.15,FALSE,FALSE,near_mint,en,USD,,,
3.16  scan,Tranquil Cove,MOM,March of the Machine,275,normal,common,1,80441,3799dcb2-7cd7-4d28-b9af-249e3ebe3d3b,$0.15,FALSE,FALSE,near_mint,en,USD,,,
3.16  scan,Tranquil Cove,C19,Commander 2019,284,normal,common,1,45650,36c70a1d-c129-4c97-a190-6b3eaa83d48c,$0.15,FALSE,FALSE,near_mint,en,USD,,,
non basic lands,Tranquil Cove,C19,Commander 2019,284,normal,common,1,45650,36c70a1d-c129-4c97-a190-6b3eaa83d48c,$0.15,FALSE,FALSE,near_mint,en,USD,,,
non basic lands,Tranquil Cove,FDN,Foundations,270,normal,common,1,100719,7c9cabca-5bcc-4b97-b2ac-a345ad3ee43c,$0.15,FALSE,FALSE,near_mint,en,USD,,,
non basic lands,Tranquil Expanse,M19,Core Set 2019,259,normal,common,1,1053,78b33867-5ccf-49a1-8e9b-9d2ddac78f17,$0.25,FALSE,FALSE,near_mint,en,USD,,,
non basic lands,Tranquil Thicket,DSC,Duskmourn: House of Horror Commander,318,normal,common,1,99221,7aed7d9d-d796-493e-98fd-c5b1a26621ed,$0.15,FALSE,FALSE,near_mint,en,USD,,,
extra cards,Treasure Cruise,TDC,Tarkir: Dragonstorm Commander,169,normal,common,1,104747,7816cb88-6607-4c87-a680-4072da69e8e9,$0.22,FALSE,FALSE,near_mint,en,USD,,,
3.16  scan,"Treno, Dark City",FIN,Final Fantasy,290,normal,common,3,106686,f6285535-bc44-4274-a886-b14d7c7aaba8,$0.15,FALSE,FALSE,near_mint,en,USD,,,
3.26  scan,"Treno, Dark City",FIN,Final Fantasy,290,normal,common,2,106686,f6285535-bc44-4274-a886-b14d7c7aaba8,$0.15,FALSE,FALSE,near_mint,en,USD,,,
3.26  scan,Trygon Predator,FDN,Foundations,667,normal,uncommon,1,101144,cdb88a22-8086-4bf7-89e8-cce929440dd8,$0.16,FALSE,FALSE,near_mint,en,USD,,,
extra cards,UglÃºk of the White Hand,LTR,The Lord of the Rings: Tales of Middle-earth,235,normal,uncommon,1,83610,e914c7fc-be3c-4346-bf37-6e10f4998204,$0.15,FALSE,FALSE,near_mint,en,USD,,,
3.26  scan,Undercity Dire Rat,FIN,Final Fantasy,123,normal,common,1,106270,274788f4-fbf3-4a15-bdc0-f513a2fde30d,$0.15,FALSE,FALSE,near_mint,en,USD,,,
non basic lands,Underdark Rift,AFC,Forgotten Realms Commander,62,normal,uncommon,1,60575,da7b5c5b-fba1-4993-9779-bef96bcb0064,$0.49,FALSE,FALSE,near_mint,en,USD,,,
3.16  scan,University Campus,SPM,Marvel's Spider-Man,186,normal,common,1,108624,2752f21c-f535-4772-a8b3-e97e1339e9c9,$0.15,FALSE,FALSE,near_mint,en,USD,,,
non basic lands,Unknown Shores,THS,Theros,229,normal,common,1,15435,fff118a5-765b-4ba1-8f12-ce6f24b2459b,$0.15,FALSE,FALSE,near_mint,en,USD,,,
extra cards,Unstable Amulet,MH3,Modern Horizons 3,142,normal,uncommon,1,94559,9d9949f5-8d6c-4ea9-b203-99e8a57a6c60,$0.15,FALSE,FALSE,near_mint,en,USD,,,
non basic lands,Urza's Factory,TSR,Time Spiral Remastered,288,normal,uncommon,1,57869,d03f17f1-b0fd-4b84-82ea-085c2f87eeda,$0.33,FALSE,FALSE,near_mint,en,USD,,,
non basic lands,Urza's Mine,CHR,Chronicles,114a,normal,uncommon,1,39312,2ee60a99-762b-4f82-9a26-3d3b5682f46b,$0.58,FALSE,FALSE,near_mint,en,USD,,,
non basic lands,Urza's Power Plant,CHR,Chronicles,115a,normal,uncommon,1,39308,df2a9344-38b5-4def-bb6e-87d837e6da54,$0.47,FALSE,FALSE,near_mint,en,USD,,,
non basic lands,Urza's Tower,CHR,Chronicles,116d,normal,uncommon,1,39301,0fc0146c-3f85-4ed5-b37c-f1eeea04143d,$0.50,FALSE,FALSE,near_mint,en,USD,,,
extra cards,Valley Mightcaller,BLB,Bloomburrow,326,normal,rare,1,96016,31330554-1824-436b-aee5-931a7b652ddf,$0.61,FALSE,FALSE,near_mint,en,USD,,,
non basic lands,Vastwood Fortification // Vastwood Thicket,ZNR,Zendikar Rising,216,normal,uncommon,1,54521,3a7fd24e-84d8-405d-86e4-0571a9e23cc2,$0.24,FALSE,FALSE,near_mint,en,USD,,,
3.16  scan,"Vector, Imperial Capital",FIN,Final Fantasy,291,normal,common,2,106512,10e5648e-4884-41e3-95f8-c76f6bca01e2,$0.15,FALSE,FALSE,near_mint,en,USD,,,
3.26  scan,"Vector, Imperial Capital",FIN,Final Fantasy,291,normal,common,1,106512,10e5648e-4884-41e3-95f8-c76f6bca01e2,$0.15,FALSE,FALSE,near_mint,en,USD,,,
3.16  scan,Vibrant Cityscape,SPM,Marvel's Spider-Man,188,normal,common,4,108555,9c110fa1-2320-4652-b282-ed064a9ec9a9,$0.17,FALSE,FALSE,near_mint,en,USD,,,
extra cards,Victimize,TDC,Tarkir: Dragonstorm Commander,198,normal,uncommon,1,105036,ee008d81-df28-49a8-917d-44f66527e469,$0.49,FALSE,FALSE,near_mint,en,USD,,,
extra cards,Virulent Sliver,TSR,Time Spiral Remastered,246,normal,common,1,57879,d5082a2a-e8b1-4799-ad29-a632d95ae1da,$0.36,FALSE,FALSE,near_mint,en,USD,,,
non basic lands,"Vitu-Ghazi, the City-Tree",WOC,Wilds of Eldraine Commander,173,normal,uncommon,1,85403,5630193b-4956-4f64-9dae-7aa7452d8989,$0.15,FALSE,FALSE,near_mint,en,USD,,,
3.26  scan,Vivid Crag,CM2,Commander Anthology Volume II,276,normal,uncommon,1,1461,da397243-2193-4e5d-8dee-df37b70677e7,$0.33,FALSE,FALSE,near_mint,en,USD,,,
non basic lands,Vivid Marsh,C17,Commander 2017,292,normal,uncommon,1,4163,b71b3df3-e188-45bb-8dc8-53fd4d527735,$0.48,FALSE,FALSE,near_mint,en,USD,,,
extra cards,Whiskervale Forerunner,BLB,Bloomburrow,301,normal,rare,1,95942,7ea69966-8961-4447-bd39-70d3d8d48ede,$0.25,FALSE,FALSE,near_mint,en,USD,,,
3.26  scan,White Lotus Hideout,TLA,Avatar: The Last Airbender,281,normal,uncommon,1,109399,24d1e22c-0d99-4ed5-94f0-fd055fd8e2be,$0.15,FALSE,FALSE,near_mint,en,USD,,,
extra cards,Wick's Patrol,BLB,Bloomburrow,121,normal,uncommon,1,95926,5fa0c53d-fe7b-4b8b-ad81-7967ca318ff7,$0.15,FALSE,FALSE,near_mint,en,USD,,,
3.26  scan,Wild Roads,DFT,Aetherdrift,269,normal,uncommon,1,103034,4d3d48d1-a98e-40af-b04c-c40b9d52e9ee,$0.15,FALSE,FALSE,near_mint,en,USD,,,
extra cards,"Wildsear, Scouring Maw",BLC,Bloomburrow Commander,8,foil,mythic,1,96270,48494ef9-5eb3-4b55-ad1d-b32bbed89ca5,$0.27,FALSE,FALSE,near_mint,en,USD,,,
3.16  scan,Wind-Scarred Crag,IKO,Ikoria: Lair of Behemoths,258,normal,common,1,49819,86367edc-9587-4f3b-aa95-c3a2bfc8c6f4,$0.15,FALSE,FALSE,near_mint,en,USD,,,
non basic lands,Wind-Scarred Crag,M21,Core Set 2021,259,normal,common,1,50814,56d7428b-25a7-4185-8c3e-69017bd1ba6d,$0.15,FALSE,FALSE,near_mint,en,USD,,,
non basic lands,Wind-Scarred Crag,CMR,Commander Legends,502,normal,common,1,56139,9bf1fd55-9e9f-49c2-bf4f-439a18f7f36a,$0.15,FALSE,FALSE,near_mint,en,USD,,,
3.26  scan,Wind-Scarred Crag,FDN,Foundations,271,normal,common,1,100684,759e99df-11a8-4aee-b6bc-344e84e10d94,$0.15,FALSE,FALSE,near_mint,en,USD,,,
3.16  scan,"Windurst, Federation Center",FIN,Final Fantasy,292,normal,common,1,106649,c74024bd-b383-468d-9cf5-d112a29f6457,$0.15,FALSE,FALSE,near_mint,en,USD,,,
3.26  scan,"Windurst, Federation Center",FIN,Final Fantasy,292,normal,common,2,106649,c74024bd-b383-468d-9cf5-d112a29f6457,$0.15,FALSE,FALSE,near_mint,en,USD,,,
3.16  scan,Witch's Cottage,ELD,Throne of Eldraine,249,normal,common,1,46089,b87891cd-b457-4dff-8d18-a7eaf6748fc6,$0.85,FALSE,FALSE,near_mint,en,USD,,,
extra cards,Wood Elves,CMA,Commander Anthology,170,normal,common,1,5116,77f95da2-cbc4-4430-adb7-75f4c469d98e,$0.46,FALSE,FALSE,near_mint,en,USD,,,
3.16  scan,Woodland Stream,CMR,Commander Legends,503,normal,common,1,56106,77619840-963f-4ff7-9a42-b36e3d53646d,$0.19,FALSE,FALSE,near_mint,en,USD,,,
non basic lands,Woodland Stream,CMR,Commander Legends,503,normal,common,1,56106,77619840-963f-4ff7-9a42-b36e3d53646d,$0.19,FALSE,FALSE,near_mint,en,USD,,,
non basic lands,Woodland Stream,RIX,Rivals of Ixalan,191,normal,uncommon,1,2827,d1f14b4d-b90e-4ce4-aa32-13c9969aa46a,$0.15,FALSE,FALSE,near_mint,en,USD,,,
extra cards,Yuna's Whistle,FIC,Final Fantasy Commander,75,normal,rare,1,106038,8e591a23-15c3-4a65-a9d2-d1ce0f83552c,$0.20,FALSE,FALSE,near_mint,en,USD,,,
3.26  scan,"Zimone, Quandrix Prodigy",STX,Strixhaven: School of Mages,250,normal,uncommon,1,57990,0ca14c17-dc72-4f68-92f2-14a6c4019f4e,$0.25,FALSE,FALSE,near_mint,en,USD,,,
3.26  scan,Zimone's Hypothesis,DSC,Duskmourn: House of Horror Commander,15,normal,rare,1,98897,ada2b522-219a-44be-98c1-83a02efdd709,$0.19,FALSE,FALSE,near_mint,en,USD,,,
non basic lands,Zoetic Cavern,MKC,Murders at Karlov Manor Commander,311,normal,uncommon,1,90320,37f10035-bf05-460d-9390-433caa2570f4,$0.15,FALSE,FALSE,near_mint,en,USD,,,
,,,,,,,,,,,,,,,,,,
 ,,,,,,,,,,,,,,,,,,