Binder Name,Binder Type,Name,Set code,Set name,Collector number,Foil,Rarity,Quantity,ManaBox ID,Scryfall ID,Purchase price,Misprint,Altered,Condition,Language,Purchase price currency
non basic lands,binder,Sunscorched Desert,AKH,Amonkhet,249,normal,common,1,5436,405434c7-9206-45b7-af0f-d59aae294d39,0.3,false,false,near_mint,en,USD
non basic lands,binder,Izzet Boilerworks,M3C,Modern Horizons 3 Commander,350,normal,uncommon,1,94795,af8535f9-463e-4963-94db-db0e22605275,0.29,false,false,near_mint,en,USD
non basic lands,binder,Izzet Guildgate,FDN,Foundations,691,normal,common,1,101219,db9e6fc9-813d-4a71-8a68-8e0f83fa945d,0.15,false,false,near_mint,en,USD
non basic lands,binder,Highland Lake,C19,Commander 2019,251,normal,uncommon,2,45683,46bb20af-a326-4a42-94d3-cb1990300e0f,0.19,false,false,near_mint,en,USD
non basic lands,binder,Swiftwater Cliffs,BLB,Bloomburrow,397,normal,common,2,96078,89e43510-c444-4b2e-b2a0-528dcc09c899,0.2,false,false,near_mint,en,USD
non basic lands,binder,Jungle Hollow,NEO,Kamigawa: Neon Dynasty,269,normal,common,1,66921,deadca61-0be9-4eeb-ba12-bc73a49bae74,0.17,false,false,near_mint,en,USD
non basic lands,binder,Golgari Guildgate,GRN,Guilds of Ravnica,249,normal,common,1,234,f0a021e9-b11a-4028-86c9-01b62eae1877,0.15,false,false,near_mint,en,USD
non basic lands,binder,Foul Orchard,KHC,Kaldheim Commander,110,normal,uncommon,2,57195,1e1bad7b-e102-4dff-b79a-fd755c2b6d49,0.17,false,false,near_mint,en,USD
non basic lands,binder,Forsaken Sanctuary,C18,Commander 2018,247,normal,uncommon,1,596,f3e0b983-62e7-43fb-b5d5-402ea60a64d7,0.18,false,false,near_mint,en,USD
non basic lands,binder,Orzhov Basilica,DRC,Aetherdrift Commander,164,normal,uncommon,2,103274,cc8f8ede-9620-4f7f-8326-a75031ef6ec1,0.15,false,false,near_mint,en,USD
non basic lands,binder,Scoured Barrens,M20,Core Set 2020,251,normal,common,1,45209,3b9edd33-a64e-4526-a89f-edd31ac4b175,0.15,false,false,near_mint,en,USD
non basic lands,binder,Silverquill Campus,MOC,March of the Machine Commander,423,normal,common,1,81719,66314fd2-c36b-431d-83e5-c0f8146d3f19,0.17,false,false,near_mint,en,USD
non basic lands,binder,Orzhov Guildgate,CLU,Ravnica: Clue Edition,242,normal,common,1,91267,e59ddc7f-6c6e-4acc-aac7-63736a77a199,0.19,false,false,near_mint,en,USD
non basic lands,binder,Rustvale Bridge,EOC,Edge of Eternities Commander,175,normal,common,1,107339,da54e458-1d4f-45f0-a225-99eb9c4049fb,0.26,false,false,near_mint,en,USD
non basic lands,binder,Wind-Scarred Crag,M21,Core Set 2021,259,normal,common,1,50814,56d7428b-25a7-4185-8c3e-69017bd1ba6d,0.15,false,false,near_mint,en,USD
non basic lands,binder,Boros Guildgate,GRN,Guilds of Ravnica,243,normal,common,1,240,c52ceefc-90d0-49d1-ae54-9a4eab819849,0.15,false,false,near_mint,en,USD
non basic lands,binder,Stone Quarry,M19,Core Set 2019,256,normal,common,1,1056,bac2b853-f788-4b29-a76d-880da61ad91a,0.15,false,false,near_mint,en,USD
non basic lands,binder,Choked Estuary,MKC,Murders at Karlov Manor Commander,254,normal,rare,1,90572,e9ad18b2-1061-4893-9171-07ffe142a762,0.29,false,false,near_mint,en,USD
non basic lands,binder,Dismal Backwater,M20,Core Set 2020,245,normal,common,1,45215,a5ff247f-82d1-4b79-9ac0-1471a1f0f58b,0.15,false,false,near_mint,en,USD
non basic lands,binder,Dreadship Reef,TSR,Time Spiral Remastered,276,normal,uncommon,1,57535,18642a9e-ac45-402b-bb56-08cb6336c485,0.25,false,false,near_mint,en,USD
non basic lands,binder,Sunken Hollow,TDC,Tarkir: Dragonstorm Commander,398,normal,rare,2,104592,44f3e367-0dff-4cdb-b23a-52aa57fee946,0.31,false,false,near_mint,en,USD
non basic lands,binder,Dimir Aqueduct,DSC,Duskmourn: House of Horror Commander,270,normal,uncommon,1,99238,84bf9d60-64b8-4209-acfe-e07eefc6bf1f,0.22,false,false,near_mint,en,USD
non basic lands,binder,Dimir Guildgate,GRN,Guilds of Ravnica,246,normal,common,1,237,3694ac90-e71e-4736-8945-7dbf5b5fd6a9,0.15,false,false,near_mint,en,USD
non basic lands,binder,Submerged Boneyard,AKH,Amonkhet,284,normal,common,1,5401,ad4e966e-cb51-461a-9089-25054dec57fb,0.17,false,false,near_mint,en,USD
non basic lands,binder,Azorius Guildgate,RNA,Ravnica Allegiance,243,normal,common,2,43622,93cf5412-c711-41b4-ab3b-7788a0a22228,0.15,false,false,near_mint,en,USD
non basic lands,binder,Calciform Pools,TSR,Time Spiral Remastered,275,normal,uncommon,1,57572,297a2b09-562a-46d8-905d-0b32e854e9d2,0.25,false,false,near_mint,en,USD
non basic lands,binder,Meandering River,KHC,Kaldheim Commander,114,normal,common,1,57276,e283db9e-6a51-4b28-9f6c-0c040a9d6d8c,0.16,false,false,near_mint,en,USD
non basic lands,binder,Flood Plain,CMM,Commander Masters,994,normal,uncommon,1,84419,61fc0fba-c285-4fad-85a6-79fd7f3f9c35,0.62,false,false,near_mint,en,USD
non basic lands,binder,Azorius Chancery,DSC,Duskmourn: House of Horror Commander,261,normal,uncommon,1,99152,50ef0ac3-e911-4d67-a751-8d86160ae843,0.15,false,false,near_mint,en,USD
non basic lands,binder,Tranquil Cove,C19,Commander 2019,284,normal,common,1,45650,36c70a1d-c129-4c97-a190-6b3eaa83d48c,0.15,false,false,near_mint,en,USD
non basic lands,binder,Skybridge Towers,SNC,Streets of New Capenna,354,normal,common,1,67966,b906bdba-534c-4f47-b00b-bb93f92774cd,0.15,false,false,near_mint,en,USD
non basic lands,binder,Selesnya Guildgate,GRN,Guilds of Ravnica,256,normal,common,1,227,ee1db693-5dd9-48de-8520-014d9ad5b596,0.15,false,false,near_mint,en,USD
non basic lands,binder,Botanical Plaza,SNC,Streets of New Capenna,350,normal,common,1,67938,ac068b57-568b-41f6-90d2-7b0eef99a74d,0.2,false,false,near_mint,en,USD
non basic lands,binder,Saltcrusted Steppe,TSR,Time Spiral Remastered,283,normal,uncommon,1,57928,f4d757f1-9398-494f-9a24-b01c5c8c6db5,0.17,false,false,near_mint,en,USD
non basic lands,binder,Grasslands,CMM,Commander Masters,1002,normal,uncommon,1,85022,ecf52798-b2e0-4d0a-a41b-8927bfa60375,0.3,false,false,near_mint,en,USD
non basic lands,binder,Blossoming Sands,FDN,Foundations,260,normal,common,1,100364,37676ed8-588c-4bca-8065-874b74d84807,0.15,false,false,near_mint,en,USD
non basic lands,binder,Tranquil Expanse,M19,Core Set 2019,259,normal,common,1,1053,78b33867-5ccf-49a1-8e9b-9d2ddac78f17,0.25,false,false,near_mint,en,USD
non basic lands,binder,Game Trail,BLC,Bloomburrow Commander,306,normal,rare,1,96503,e42e3260-33d7-4cee-8cac-61ed006abf3e,0.19,false,false,near_mint,en,USD
non basic lands,binder,Rugged Highlands,MOM,March of the Machine,271,normal,common,1,80443,3aeef1b1-a351-47ce-a686-a0eb0a35a894,0.15,false,false,near_mint,en,USD
non basic lands,binder,Gruul Guildgate,FDN,Foundations,690,normal,common,1,100381,3ab6c240-c97d-4a5c-bc39-860c2d9901c2,0.15,false,false,near_mint,en,USD
non basic lands,binder,Highland Forest,CLB,Commander Legends: Battle for Baldur's Gate,896,normal,common,1,69528,59f64a32-c364-4750-94ed-d4d71c1a3511,0.35,false,false,near_mint,en,USD
non basic lands,binder,Gruul Turf,ECC,Lorwyn Eclipsed Commander,152,normal,uncommon,1,110657,f19d2b68-1415-4a0c-bb68-cfacb611c4d2,0.15,false,false,near_mint,en,USD
non basic lands,binder,Racers' Ring,SNC,Streets of New Capenna,352,normal,common,1,67971,baa5d34b-b052-47f4-95e1-42a9c2d21cdf,0.2,false,false,near_mint,en,USD
non basic lands,binder,Timber Gorge,M19,Core Set 2019,258,normal,common,1,1054,07076412-18fe-4e15-bdb5-17111b4a66db,0.15,false,false,near_mint,en,USD
non basic lands,binder,Akoum Refuge,C19,Commander 2019,226,normal,uncommon,1,45708,51aecc57-f0cc-4e35-af38-ead25cf8a1b8,0.25,false,false,near_mint,en,USD
non basic lands,binder,Tramway Station,SNC,Streets of New Capenna,356,normal,common,1,67803,688c5428-0ec0-4778-801b-a5ea83c88691,0.15,false,false,near_mint,en,USD
non basic lands,binder,Molten Slagheap,TSR,Time Spiral Remastered,282,normal,uncommon,1,57637,4d952491-3a33-42af-9748-d2cb9c5a2f76,0.15,false,false,near_mint,en,USD
non basic lands,binder,Rakdos Guildgate,CLU,Ravnica: Clue Edition,244,normal,common,2,91006,806dfa92-a512-4631-811c-d142f350a4fb,0.19,false,false,near_mint,en,USD
non basic lands,binder,Bloodfell Caves,IKO,Ikoria: Lair of Behemoths,243,normal,common,1,49834,0c8269e6-b30c-4fdc-82a7-d503c133afa6,0.15,false,false,near_mint,en,USD
non basic lands,binder,Cinder Barrens,C19,Commander 2019,235,normal,common,1,45699,08136a39-bf9f-493c-92d6-178567647fb2,0.15,false,false,near_mint,en,USD
non basic lands,binder,Woodland Stream,CMR,Commander Legends,503,normal,common,1,56106,77619840-963f-4ff7-9a42-b36e3d53646d,0.19,false,false,near_mint,en,USD
non basic lands,binder,Simic Guildgate,CMR,Commander Legends,493,normal,common,2,56218,d93f0124-eb83-4261-8ad2-5590155274a4,0.15,false,false,near_mint,en,USD
non basic lands,binder,Thornwood Falls,ELD,Throne of Eldraine,313,normal,common,1,46058,f5159db6-a87f-40eb-8c5c-821dfb67ff6d,0.15,false,false,near_mint,en,USD
non basic lands,binder,Jungle Shrine,ECC,Lorwyn Eclipsed Commander,154,normal,uncommon,1,110434,0b1a84b6-4202-4413-80ed-4142c51e619a,0.16,false,false,near_mint,en,USD
non basic lands,binder,Seaside Citadel,ECC,Lorwyn Eclipsed Commander,166,normal,uncommon,1,110600,b681599f-aa7a-4b3a-a36a-dc6d70fd6a11,0.16,false,false,near_mint,en,USD
non basic lands,binder,Sandsteppe Citadel,CMM,Commander Masters,1024,normal,uncommon,1,84240,37f7d30c-91ec-4d02-9ee0-ed4de495cbf5,0.28,false,false,near_mint,en,USD
non basic lands,binder,Bountiful Landscape,TDC,Tarkir: Dragonstorm Commander,342,normal,common,1,105048,f1c99617-6e38-4af7-a064-6db9a5e2cc6a,0.15,false,false,near_mint,en,USD
non basic lands,binder,Brokers Hideout,SNC,Streets of New Capenna,248,normal,common,1,67902,989b299b-daa9-4bda-94e2-9a2f0e8f2bce,0.58,false,false,near_mint,en,USD
non basic lands,binder,Foreboding Landscape,TDC,Tarkir: Dragonstorm Commander,365,normal,common,1,104970,cf53f97c-dd4c-44bd-93ba-faa6d64c985a,0.2,false,false,near_mint,en,USD
non basic lands,binder,Lonely Sandbar,C20,Commander 2020,287,normal,uncommon,1,50131,f93d8da4-7af1-481a-b0a6-78df793b91f0,0.19,false,false,near_mint,en,USD
non basic lands,binder,Skyline Cascade,BFZ,Battle for Zendikar,246,normal,common,1,10105,29b0027d-c232-4cdd-89c4-75947687aa71,0.25,false,false,near_mint,en,USD
non basic lands,binder,Vastwood Fortification // Vastwood Thicket,ZNR,Zendikar Rising,216,normal,uncommon,1,54521,3a7fd24e-84d8-405d-86e4-0571a9e23cc2,0.24,false,false,near_mint,en,USD
non basic lands,binder,Tranquil Thicket,DSC,Duskmourn: House of Horror Commander,318,normal,common,1,99221,7aed7d9d-d796-493e-98fd-c5b1a26621ed,0.15,false,false,near_mint,en,USD
non basic lands,binder,The Dross Pits,ONE,Phyrexia: All Will Be One,251,normal,common,1,78429,19d469f1-2219-4466-9f8a-769ee43e28db,0.15,false,false,near_mint,en,USD
non basic lands,binder,Dakmor Salvage,EOC,Edge of Eternities Commander,156,normal,uncommon,1,107057,72474b66-1dda-409d-8703-b026c1777081,0.19,false,false,near_mint,en,USD
non basic lands,binder,Vivid Marsh,C17,Commander 2017,292,normal,uncommon,1,4163,b71b3df3-e188-45bb-8dc8-53fd4d527735,0.48,false,false,near_mint,en,USD
non basic lands,binder,Barren Moor,DSC,Duskmourn: House of Horror Commander,262,normal,uncommon,1,99102,380eb7fd-bc79-4cad-9c2b-9b2b10761a72,0.15,false,false,near_mint,en,USD
non basic lands,binder,Spikefield Hazard // Spikefield Cave,ZNR,Zendikar Rising,166,normal,uncommon,1,54683,a69541db-3f4e-412f-aa8e-dec1e74f74dc,0.43,false,false,near_mint,en,USD
non basic lands,binder,Desert of the Fervent,OTC,Outlaws of Thunder Junction Commander,284,normal,common,1,93934,f3766140-b755-4e4b-9d98-0cc0b889f15a,0.15,false,false,near_mint,en,USD
non basic lands,binder,Thriving Bluff,ECC,Lorwyn Eclipsed Commander,170,normal,common,1,110558,8a6d17e6-c7f3-4433-a3f2-82076fb10031,0.15,false,false,near_mint,en,USD
non basic lands,binder,Castle Embereth,TDC,Tarkir: Dragonstorm Commander,347,normal,rare,1,104540,337f2d97-b317-4c10-b151-7acccf38fca8,0.25,false,false,near_mint,en,USD
non basic lands,binder,Shefet Dunes,OTC,Outlaws of Thunder Junction Commander,318,normal,uncommon,1,93848,c9b0a526-73b0-4501-80a3-f16dbef9cdfd,0.27,false,false,near_mint,en,USD
non basic lands,binder,Secluded Steppe,CMR,Commander Legends,491,normal,uncommon,1,56141,9c536cbd-3e81-4c6a-a4e1-02fbd2776706,0.19,false,false,near_mint,en,USD
non basic lands,binder,New Benalia,C18,Commander 2018,270,normal,uncommon,1,573,a11a0f9c-2253-468f-a9c0-42e1e38aad96,0.22,false,false,near_mint,en,USD
non basic lands,binder,Command Bridge,EOE,Edge of Eternities,252,normal,common,1,106926,247670d2-a7cd-4ed7-9c77-704c7962b815,0.15,false,false,near_mint,en,USD
non basic lands,binder,Command Tower,M3C,Modern Horizons 3 Commander,331,normal,common,1,94722,27e36832-09ca-4070-8511-94580014c3ed,0.25,false,false,near_mint,en,USD
non basic lands,binder,Rupture Spire,CMR,Commander Legends,355,normal,common,1,56188,c7ef4b15-efab-4255-ac2d-7794f253aa52,0.15,false,false,near_mint,en,USD
non basic lands,binder,Unknown Shores,THS,Theros,229,normal,common,1,15435,fff118a5-765b-4ba1-8f12-ce6f24b2459b,0.15,false,false,near_mint,en,USD
non basic lands,binder,Public Thoroughfare,MKM,Murders at Karlov Manor,265,normal,common,1,90703,1f8b915f-3e82-4b05-b963-01ebff7a8f7b,0.15,false,false,near_mint,en,USD
non basic lands,binder,Path of Ancestry,ECC,Lorwyn Eclipsed Commander,158,normal,common,1,110482,3b792a6a-beac-4d4a-91b6-f5a5e3539ecd,0.16,false,false,near_mint,en,USD
non basic lands,binder,Thriving Heath,ECC,Lorwyn Eclipsed Commander,172,normal,common,1,110443,13348735-d12e-4858-989f-a74c031ed518,0.15,false,false,near_mint,en,USD
non basic lands,binder,Opal Palace,M3C,Modern Horizons 3 Commander,361,normal,common,1,94972,76219ec4-65dc-4137-9b3b-070e02524397,0.2,false,false,near_mint,en,USD
non basic lands,binder,Shimmering Grotto,LRW,Lorwyn,273,normal,common,1,25169,b5e85acc-ed12-4036-8193-739721c3e178,0.24,false,false,near_mint,en,USD
non basic lands,binder,Painted Bluffs,OTC,Outlaws of Thunder Junction Commander,309,normal,common,1,93941,f7ed919b-95ff-40fe-8f53-5d462c5d0205,0.15,false,false,near_mint,en,USD
non basic lands,binder,Aether Hub,DRC,Aetherdrift Commander,145,normal,uncommon,1,103246,bb6a8c30-e824-4137-b83e-b9d175a0d037,0.16,false,false,near_mint,en,USD
non basic lands,binder,Temple of the False God,DSC,Duskmourn: House of Horror Commander,313,normal,uncommon,1,99079,23d62c88-3a7a-4eef-8ec4-ff1243e6ce93,0.15,false,false,near_mint,en,USD
non basic lands,binder,Mishra's Factory,DMR,Dominaria Remastered,251,normal,uncommon,1,77970,6e9fec20-a52c-42c0-9928-c572d9e1b21f,0.15,false,false,near_mint,en,USD
non basic lands,binder,Underdark Rift,AFC,Forgotten Realms Commander,62,normal,uncommon,1,60575,da7b5c5b-fba1-4993-9779-bef96bcb0064,0.49,false,false,near_mint,en,USD
non basic lands,binder,"Vitu-Ghazi, the City-Tree",WOC,Wilds of Eldraine Commander,173,normal,uncommon,1,85403,5630193b-4956-4f64-9dae-7aa7452d8989,0.15,false,false,near_mint,en,USD
non basic lands,binder,Captivating Cave,LCI,The Lost Caverns of Ixalan,268,normal,common,1,88323,1d1a645e-85c7-4044-b817-6e24744d245e,0.15,false,false,near_mint,en,USD
non basic lands,binder,Blighted Woodland,CLB,Commander Legends: Battle for Baldur's Gate,881,normal,uncommon,1,69599,94e0ad38-31b3-46ba-9999-9b6ff57906ae,0.46,false,false,near_mint,en,USD
non basic lands,binder,Ash Barrens,CLB,Commander Legends: Battle for Baldur's Gate,880,normal,uncommon,1,69727,fb71aebf-f5d3-45ee-91a4-51088f7141ec,0.18,false,false,near_mint,en,USD
non basic lands,binder,Myriad Landscape,EOC,Edge of Eternities Commander,169,normal,uncommon,1,107112,a0e2098f-1d94-491a-a7e9-a45a9f69e3a8,0.25,false,false,near_mint,en,USD
non basic lands,binder,Starlit Sanctum,CLB,Commander Legends: Battle for Baldur's Gate,917,normal,uncommon,1,69716,f5774836-0140-420a-9a0f-8ba291cc5ca8,0.4,false,false,near_mint,en,USD
non basic lands,binder,Zoetic Cavern,MKC,Murders at Karlov Manor Commander,311,normal,uncommon,1,90320,37f10035-bf05-460d-9390-433caa2570f4,0.15,false,false,near_mint,en,USD
non basic lands,binder,Tomb of the Spirit Dragon,M3C,Modern Horizons 3 Commander,397,normal,uncommon,1,95026,c5c2da3e-5e82-4236-b866-93bec88d86b0,0.34,false,false,near_mint,en,USD
non basic lands,binder,Seraph Sanctuary,DDQ,Duel Decks: Blessed vs. Cursed,33,normal,common,1,9150,e1c1fa29-362f-40b4-b67f-513f6592fb3b,1.06,false,false,near_mint,en,USD
non basic lands,binder,Urza's Factory,TSR,Time Spiral Remastered,288,normal,uncommon,1,57869,d03f17f1-b0fd-4b84-82ea-085c2f87eeda,0.33,false,false,near_mint,en,USD
non basic lands,binder,Interplanar Beacon,CMM,Commander Masters,1004,normal,uncommon,1,84808,bc1bed72-2440-4364-a69f-a9d7c4fe3fea,0.17,false,false,near_mint,en,USD
non basic lands,binder,Blighted Steppe,BFZ,Battle for Zendikar,232,normal,uncommon,1,10119,f43df8ee-d3e4-419e-aed0-1059d95f9cab,0.29,false,false,near_mint,en,USD
non basic lands,binder,Blighted Fen,BFZ,Battle for Zendikar,230,normal,uncommon,1,10121,29d02950-cd50-4662-97af-3106598dc3c4,0.15,false,false,near_mint,en,USD
non basic lands,binder,Haunted Fengraf,C18,Commander 2018,254,normal,common,1,589,97a1d55a-39a8-4bf4-91b7-5565146c9c40,0.24,false,false,near_mint,en,USD
non basic lands,binder,Rogue's Passage,FDN,Foundations,264,normal,uncommon,1,100922,a2a424ea-ef32-4ac5-8f8c-3ea1839f01d4,0.39,false,false,near_mint,en,USD
non basic lands,binder,Darksteel Citadel,C21,Commander 2021,285,normal,uncommon,1,58530,2ba7597d-6d76-45b8-b172-342999e401bd,1.35,false,false,near_mint,en,USD
non basic lands,binder,Urza's Mine,CHR,Chronicles,114a,normal,uncommon,1,39312,2ee60a99-762b-4f82-9a26-3d3b5682f46b,0.58,false,false,near_mint,en,USD
non basic lands,binder,Urza's Power Plant,CHR,Chronicles,115a,normal,uncommon,1,39308,df2a9344-38b5-4def-bb6e-87d837e6da54,0.47,false,false,near_mint,en,USD
non basic lands,binder,Urza's Tower,CHR,Chronicles,116d,normal,uncommon,1,39301,0fc0146c-3f85-4ed5-b37c-f1eeea04143d,0.5,false,false,near_mint,en,USD
non basic lands,binder,Dread Statuary,CN2,Conspiracy: Take the Crown,217,normal,uncommon,1,7880,6e54bace-7484-484e-987e-8d3a9a430ab9,0.15,false,false,near_mint,en,USD
non basic lands,binder,Terramorphic Expanse,EOC,Edge of Eternities Commander,62,normal,common,1,107056,7102269a-e0d1-42a0-aa9d-fdd53b5aaebe,0.2,false,false,near_mint,en,USD
non basic lands,binder,Evolving Wilds,EOC,Edge of Eternities Commander,158,normal,common,1,106990,31181bd2-3a1f-4cb9-ba30-637ac479133a,0.15,false,false,near_mint,en,USD
non basic lands,binder,Blossoming Sands,BLB,Bloomburrow,396,normal,common,1,96135,ecfa2cc9-e427-4104-bad7-b0294e392b1f,0.15,false,false,near_mint,en,USD
non basic lands,binder,Selesnya Guildgate,CLU,Ravnica: Clue Edition,245,normal,common,1,91142,b48471b4-fb3f-4910-b2d0-5c08cfd44f51,0.18,false,false,near_mint,en,USD
non basic lands,binder,Gruul Guildgate,RNA,Ravnica Allegiance,249,normal,common,1,43616,33d10573-1695-4a73-b92d-d478572b85ec,0.15,false,false,near_mint,en,USD
non basic lands,binder,Rugged Highlands,IKO,Ikoria: Lair of Behemoths,252,normal,common,1,49825,9a69fa8f-1c2b-453d-8d54-2748890ce925,0.15,false,false,near_mint,en,USD
non basic lands,binder,Tranquil Cove,FDN,Foundations,270,normal,common,1,100719,7c9cabca-5bcc-4b97-b2ac-a345ad3ee43c,0.15,false,false,near_mint,en,USD
non basic lands,binder,Woodland Stream,RIX,Rivals of Ixalan,191,normal,uncommon,1,2827,d1f14b4d-b90e-4ce4-aa32-13c9969aa46a,0.15,false,false,near_mint,en,USD
non basic lands,binder,Thornwood Falls,FDN,Foundations,269,normal,common,1,100424,42799f51-0f8c-444b-974e-dae281a5c697,0.15,false,false,near_mint,en,USD
non basic lands,binder,Quandrix Campus,DSC,Duskmourn: House of Horror Commander,294,normal,common,1,99415,f5e038d0-788d-4ed1-b2b3-bc2748febf05,0.15,false,false,near_mint,en,USD
non basic lands,binder,Golgari Guildgate,FDN,Foundations,689,normal,common,1,100836,92d4646c-a375-4835-aa58-8bb77d1a5abf,0.15,false,false,near_mint,en,USD
non basic lands,binder,Jungle Hollow,IKO,Ikoria: Lair of Behemoths,249,normal,common,1,49828,01926862-bf2d-4a2b-af94-1ea5e4dd7444,0.17,false,false,near_mint,en,USD
non basic lands,binder,Orzhov Guildgate,RNA,Ravnica Allegiance,253,normal,common,1,43612,f7046b5e-622f-4ae8-9ddd-709ccd61000e,0.2,false,false,near_mint,en,USD
non basic lands,binder,Forsaken Sanctuary,RIX,Rivals of Ixalan,187,normal,uncommon,1,2831,32e5daf3-6a55-4c2f-92d1-33e0755ee280,0.15,false,false,near_mint,en,USD
non basic lands,binder,Scoured Barrens,IKO,Ikoria: Lair of Behemoths,254,normal,common,1,49823,2282018a-46c8-41ca-ab93-f7dbf32cd295,0.15,false,false,near_mint,en,USD
non basic lands,binder,Dimir Guildgate,FDN,Foundations,688,normal,common,1,101376,f9b8a159-5e58-4432-8ecd-62f39afa96da,0.15,false,false,near_mint,en,USD
non basic lands,binder,Dismal Backwater,ZNC,Zendikar Rising Commander,128,normal,common,1,55488,e20c6b51-48a3-4dbc-90b5-e08f40a58f63,0.17,false,false,near_mint,en,USD
non basic lands,binder,Bloodfell Caves,FDN,Foundations,259,normal,common,1,100806,8b90dc92-cb66-41d9-89f9-2b6e3cfc8082,0.15,false,false,near_mint,en,USD
non basic lands,binder,Cinder Barrens,C17,Commander 2017,241,normal,uncommon,1,4214,a91dd6b5-03e1-46fa-8c7a-2c780e641550,0.19,false,false,near_mint,en,USD
non basic lands,binder,Boros Guildgate,FDN,Foundations,684,normal,common,1,100402,3e3c74ea-40e9-4ad9-a491-c208403b68ad,0.15,false,false,near_mint,en,USD
non basic lands,binder,Stone Quarry,CMR,Commander Legends,495,normal,uncommon,1,56154,aa3575e1-7d2c-4777-b469-16f7483bb8e7,0.15,false,false,near_mint,en,USD
non basic lands,binder,Wind-Scarred Crag,CMR,Commander Legends,502,normal,common,1,56139,9bf1fd55-9e9f-49c2-bf4f-439a18f7f36a,0.15,false,false,near_mint,en,USD
non basic lands,binder,Izzet Guildgate,C18,Commander 2018,257,normal,common,1,586,771ddb6f-607c-487e-b64b-5c9ff0579183,,false,false,near_mint,en,USD
non basic lands,binder,Crumbling Necropolis,WHO,Doctor Who,268,normal,uncommon,1,88038,eeb7fadc-dcd8-473a-9b12-d9c8f0a19f79,0.54,false,false,near_mint,en,USD
non basic lands,binder,Temple of Deceit,DRC,Aetherdrift Commander,176,normal,rare,1,103271,ca93efca-93a0-4307-b004-ec74ad9841fc,0.21,false,false,near_mint,en,USD
non basic lands,binder,Temple of Epiphany,EOC,Edge of Eternities Commander,187,normal,rare,1,107309,a4ee2565-a630-4c7b-93c2-8baba3d3441e,0.18,false,false,near_mint,en,USD
non basic lands,binder,Temple of Malice,WHO,Doctor Who,317,normal,rare,1,88037,ee9fabb0-9f83-49a3-9da3-d2b1d89fdb61,0.34,false,false,near_mint,en,USD
non basic lands,binder,Choked Estuary,WHO,Doctor Who,261,normal,rare,1,87069,0f33320e-8dcb-40e2-a356-038f2eea77d7,0.29,false,false,near_mint,en,USD
non basic lands,binder,Foreboding Ruins,WHO,Doctor Who,279,normal,rare,1,88056,f1724c72-8e0e-4380-82ba-1f9ec8e45f01,0.27,false,false,near_mint,en,USD
non basic lands,binder,Evolving Wilds,TDM,Tarkir: Dragonstorm,255,normal,common,1,104685,62209251-4118-4843-895b-46afb7284c75,0.15,false,false,near_mint,en,USD
non basic lands,binder,Terramorphic Expanse,ECC,Lorwyn Eclipsed Commander,169,normal,common,1,110435,0bea079a-a972-4988-a561-9783b2515166,0.16,false,false,near_mint,en,USD
non basic lands,binder,Dromar's Cavern,DMR,Dominaria Remastered,246,normal,uncommon,1,77779,10380662-88bd-4bc5-b8c3-14af425fc5a5,0.18,false,false,near_mint,en,USD
non basic lands,binder,Dragonskull Summit,PIP,Fallout,261,normal,rare,1,91857,09ed078f-74b4-4ae8-9b2f-6b7b629fff1f,1.22,false,false,near_mint,en,USD
non basic lands,binder,Smoldering Marsh,ECC,Lorwyn Eclipsed Commander,168,normal,rare,1,110633,d6890462-aeb0-4356-93dc-b2eda0df0c0e,0.22,false,false,near_mint,en,USD
extra cards,binder,"Gollum, Patient Plotter",LTR,The Lord of the Rings: Tales of Middle-earth,84,normal,uncommon,1,83069,4ddda7d4-0226-404f-8418-f1f5720dcef8,0.16,false,false,near_mint,en,USD
extra cards,binder,"Grishnákh, Brash Instigator",LTR,The Lord of the Rings: Tales of Middle-earth,134,normal,uncommon,1,83136,6385e769-f805-499d-9f47-494533362152,0.15,false,false,near_mint,en,USD
extra cards,binder,Soothing of Sméagol,LTR,The Lord of the Rings: Tales of Middle-earth,70,normal,common,1,83459,be6400e8-7f99-4005-9a92-ffbc359d3871,0.15,false,false,near_mint,en,USD
extra cards,binder,Orcish Medicine,LTR,The Lord of the Rings: Tales of Middle-earth,104,normal,common,1,83149,66fae9ab-2302-4dea-a4e8-701938a0ef09,0.15,false,false,near_mint,en,USD
extra cards,binder,Languish,CM2,Commander Anthology Volume II,67,normal,rare,1,1670,91bea17e-1b18-461b-8247-02fc56379575,0.74,false,false,near_mint,en,USD
extra cards,binder,Sliver Hive,M15,Magic 2015,247,foil,rare,1,13605,91cef7ce-aa9f-4659-ac24-394c5ab9f77c,29.7,false,false,near_mint,en,USD
extra cards,binder,Barad-dûr,LTR,The Lord of the Rings: Tales of Middle-earth,253,normal,rare,1,83616,eb5038af-06b0-401e-8dea-a1a8483788ae,1.02,false,false,near_mint,en,USD
extra cards,binder,Lazotep Plating,WAR,War of the Spark,59,normal,uncommon,1,44345,f03b5405-6016-405b-a504-a454731b9276,0.5,false,false,near_mint,en,USD
extra cards,binder,Sowing Mycospawn,MH3,Modern Horizons 3,340,normal,rare,1,94679,f511bfe7-b107-4ec5-b363-f718c19d9579,3.79,false,false,near_mint,en,USD
extra cards,binder,Quaketusk Boar,BLB,Bloomburrow,146,normal,uncommon,1,95869,2f2b7fd3-a139-49ea-8a89-b64261e868ef,0.15,false,false,near_mint,en,USD
extra cards,binder,Valley Mightcaller,BLB,Bloomburrow,326,normal,rare,1,96016,31330554-1824-436b-aee5-931a7b652ddf,0.61,false,false,near_mint,en,USD
extra cards,binder,Galewind Moose,BLB,Bloomburrow,173,normal,uncommon,1,95871,58706bd8-558a-43b9-9f1e-c1ff0044203b,0.15,false,false,near_mint,en,USD
extra cards,binder,Fecund Greenshell,BLB,Bloomburrow,171,normal,rare,1,96071,80b3e815-0e2e-4325-b1d5-5531b7b92da6,1.08,false,false,near_mint,en,USD
extra cards,binder,Whiskervale Forerunner,BLB,Bloomburrow,301,normal,rare,1,95942,7ea69966-8961-4447-bd39-70d3d8d48ede,0.25,false,false,near_mint,en,USD
extra cards,binder,Wick's Patrol,BLB,Bloomburrow,121,normal,uncommon,1,95926,5fa0c53d-fe7b-4b8b-ad81-7967ca318ff7,0.15,false,false,near_mint,en,USD
extra cards,binder,"Nadu, Winged Wisdom",MH3,Modern Horizons 3,377,normal,rare,1,94518,8281df8a-2fde-454a-813c-d9f86bb35d36,0.55,false,false,near_mint,en,USD
extra cards,binder,"Phelia, Exuberant Shepherd",MH3,Modern Horizons 3,364,normal,rare,1,94248,95505d46-fc4f-4e2d-8e08-380d392b74a4,8.36,false,false,near_mint,en,USD
extra cards,binder,Papalymo Totolymo,FIC,Final Fantasy Commander,90,normal,rare,1,105816,0b876b1e-fcf4-4e5c-81b0-1080ac8099ed,0.25,false,false,near_mint,en,USD
extra cards,binder,"Wildsear, Scouring Maw",BLC,Bloomburrow Commander,8,foil,mythic,1,96270,48494ef9-5eb3-4b55-ad1d-b32bbed89ca5,0.27,false,false,near_mint,en,USD
extra cards,binder,"Banon, the Returners' Leader",FIC,Final Fantasy Commander,78,normal,rare,1,105963,63e84ece-b129-457d-84ed-b4280120f08b,0.15,false,false,near_mint,en,USD
extra cards,binder,"Syr Vondam, Sunstar Exemplar",EOE,Edge of Eternities,302,normal,rare,1,107500,9c39b081-ad53-4c43-93f4-3a4ebb24299b,0.69,false,false,near_mint,en,USD
extra cards,binder,"Lulu, Stern Guardian",FIC,Final Fantasy Commander,38,normal,rare,1,106069,9c0b1d5d-2b10-4dde-bb95-8cbf780cca97,0.58,false,false,near_mint,en,USD
extra cards,binder,"Shilgengar, Sire of Famine",MH3,Modern Horizons 3,366,normal,rare,1,94752,68425ba0-7216-46aa-a9c3-c552e4a44203,0.4,false,false,near_mint,en,USD
extra cards,binder,"Fandaniel, Telophoroi Ascian",FIC,Final Fantasy Commander,46,normal,rare,1,105811,08c9bf6c-fc52-4565-96d1-951a314e59e5,0.25,false,false,near_mint,en,USD
extra cards,binder,Hard Evidence,H2R,Modern Horizons 2 Timeshifts,5,normal,common,1,94606,c55901dc-3f5a-490d-8496-5b844530d410,0.33,false,false,near_mint,en,USD
extra cards,binder,Rejoin the Fight,FIC,Final Fantasy Commander,49,normal,rare,1,106238,f3140950-1ce2-41b8-91f9-da53bfbee963,0.16,false,false,near_mint,en,USD
extra cards,binder,Starforged Sword,BLB,Bloomburrow,249,normal,uncommon,1,96110,c23d8e96-b972-4c6c-b0c4-b6627621f048,0.15,false,false,near_mint,en,USD
extra cards,binder,Unstable Amulet,MH3,Modern Horizons 3,142,normal,uncommon,1,94559,9d9949f5-8d6c-4ea9-b203-99e8a57a6c60,0.15,false,false,near_mint,en,USD
extra cards,binder,Annul,EOE,Edge of Eternities,46,normal,uncommon,1,107271,4feeebea-aa55-4599-ab5a-4e41a54d0dfd,0.15,false,false,near_mint,en,USD
extra cards,binder,Lifestream's Blessing,FIC,Final Fantasy Commander,67,normal,rare,1,105916,48b4101b-3428-4b6b-818a-6097a093e9b5,0.3,false,false,near_mint,en,USD
extra cards,binder,Yuna's Whistle,FIC,Final Fantasy Commander,75,normal,rare,1,106038,8e591a23-15c3-4a65-a9d2-d1ce0f83552c,0.2,false,false,near_mint,en,USD
extra cards,binder,Sphere Grid,FIC,Final Fantasy Commander,70,normal,rare,1,105934,51188b1d-cb45-40f7-a3c2-5652b0679e02,7.09,false,false,near_mint,en,USD
extra cards,binder,Mordor Muster,LTR,The Lord of the Rings: Tales of Middle-earth,96,normal,common,1,83385,aae2f15a-0629-453e-992c-a199af194a3c,0.15,false,false,near_mint,en,USD
extra cards,binder,Moria Scavenger,LTC,Tales of Middle-earth Commander,63,normal,rare,1,83614,ea926187-ac8e-4197-8fd4-ac6b8d818d83,0.24,false,false,near_mint,en,USD
extra cards,binder,Summons of Saruman,LTC,Tales of Middle-earth Commander,70,normal,rare,1,83506,cbb1bc1f-b1d6-4639-b892-9b1ff6ed65fb,0.2,false,false,near_mint,en,USD
extra cards,binder,Ring of Evos Isle,M13,Magic 2013,211,normal,uncommon,1,17612,a7c740a8-1bbc-4ec8-a72c-01aee9e48f3d,0.59,false,false,near_mint,en,USD
extra cards,binder,Sedraxis Alchemist,CON,Conflux,54,normal,common,1,23675,7fbbc5d7-86d0-4e09-b37c-e40eb88f3f33,0.25,false,false,near_mint,en,USD
extra cards,binder,Harmonize,BLC,Bloomburrow Commander,120,normal,uncommon,1,96441,bb27bd6f-dec5-4e05-b228-d606a03380ad,0.22,false,false,near_mint,en,USD
extra cards,binder,"Glóin, Dwarf Emissary",LTR,The Lord of the Rings: Tales of Middle-earth,132,normal,rare,1,83261,868a2aa7-bcaf-409b-8802-d00ee1f2ae77,0.6,false,false,near_mint,en,USD
extra cards,binder,Treasure Cruise,TDC,Tarkir: Dragonstorm Commander,169,normal,common,1,104747,7816cb88-6607-4c87-a680-4072da69e8e9,0.22,false,false,near_mint,en,USD
extra cards,binder,Shadow of the Enemy,LTR,The Lord of the Rings: Tales of Middle-earth,107,normal,mythic,1,83591,e47cab70-55cb-481c-b4cd-32a41251f210,0.6,false,false,near_mint,en,USD
extra cards,binder,Haunt of the Dead Marshes,LTR,The Lord of the Rings: Tales of Middle-earth,90,normal,common,1,83151,673c6c12-2513-4d1b-acf0-6a1f741d49dd,0.15,false,false,near_mint,en,USD
extra cards,binder,Uglúk of the White Hand,LTR,The Lord of the Rings: Tales of Middle-earth,235,normal,uncommon,1,83610,e914c7fc-be3c-4346-bf37-6e10f4998204,0.15,false,false,near_mint,en,USD
extra cards,binder,Commander's Sphere,ECC,Lorwyn Eclipsed Commander,139,normal,common,1,110579,a0d50603-e31f-4cd7-b4b6-49847d99eb2e,0.16,false,false,near_mint,en,USD
extra cards,binder,Frantic Search,TDC,Tarkir: Dragonstorm Commander,153,normal,common,1,104847,a1c71f3e-16be-492a-8a3e-5911867270bd,0.55,false,false,near_mint,en,USD
extra cards,binder,Night's Whisper,ECC,Lorwyn Eclipsed Commander,81,normal,common,1,110620,c6627166-bf0e-49f2-9077-252cfb0fab4d,0.3,false,false,near_mint,en,USD
extra cards,binder,Bombadil's Song,LTR,The Lord of the Rings: Tales of Middle-earth,154,normal,common,1,83137,6391699e-987a-499f-9fec-96f2362760b9,0.15,false,false,near_mint,en,USD
extra cards,binder,Abrade,BLC,Bloomburrow Commander,191,normal,common,1,96450,c1466ae6-9dbc-4ead-844b-9b1ba7274baf,0.15,false,false,near_mint,en,USD
extra cards,binder,Consider,TDC,Tarkir: Dragonstorm Commander,148,normal,common,1,105076,ff6f3824-3670-46e1-af43-0db405726084,0.37,false,false,near_mint,en,USD
extra cards,binder,Opt,OTC,Outlaws of Thunder Junction Commander,104,normal,common,1,93670,67bcf3fd-fca0-4cdb-b625-bac5fadd00e3,0.23,false,false,near_mint,en,USD
extra cards,binder,Mind Stone,WHO,Doctor Who,244,normal,uncommon,1,87445,6ac8db7a-009a-4141-bba7-b5fdfaf8d245,0.25,false,false,near_mint,en,USD
extra cards,binder,Deep Analysis,TDC,Tarkir: Dragonstorm Commander,150,normal,common,1,104523,2d93b071-d303-4892-bac4-77a75eaa91a1,0.15,false,false,near_mint,en,USD
extra cards,binder,Big Score,FIC,Final Fantasy Commander,290,normal,common,1,105971,67d41ba2-a908-4613-b275-6ffe4165e48a,0.97,false,false,near_mint,en,USD
extra cards,binder,Expansion // Explosion,TDC,Tarkir: Dragonstorm Commander,287,normal,rare,1,104697,65c091fa-00a8-4f20-8148-46db3fc3c67d,0.18,false,false,near_mint,en,USD
extra cards,binder,Preordain,TDC,Tarkir: Dragonstorm Commander,161,normal,common,1,105006,dd29a0e5-c1de-4e8a-8866-715e9f9cde1f,0.58,false,false,near_mint,en,USD
extra cards,binder,Dunland Crebain,LTR,The Lord of the Rings: Tales of Middle-earth,82,normal,common,1,83160,695c05ab-e46e-46c7-bd2e-ef0b2307e449,0.15,false,false,near_mint,en,USD
extra cards,binder,Snarling Warg,LTR,The Lord of the Rings: Tales of Middle-earth,109,normal,common,1,83351,a1ad561c-ccb4-480a-88a4-0555d0ef245e,0.15,false,false,near_mint,en,USD
extra cards,binder,Spiteful Sliver,CMM,Commander Masters,881,normal,rare,1,83987,01fb60c9-d10d-4966-b9bd-788fabc182d2,2.73,false,false,near_mint,en,USD
extra cards,binder,Training Grounds,MAT,March of the Machine: The Aftermath,9,normal,rare,1,82585,991c27ed-f53c-48c6-8c12-282f44b8d441,5.78,false,false,near_mint,en,USD
extra cards,binder,Swan Song,EOC,Edge of Eternities Commander,46,normal,rare,1,107292,83d0b761-d694-4232-9f40-5bd8c82a05f1,8.05,false,false,near_mint,en,USD
extra cards,binder,Symmetry Matrix,BRO,The Brothers' War,252,normal,uncommon,1,75566,786bce65-1c04-45fc-b81b-e7590afbd117,0.31,false,false,near_mint,en,USD
extra cards,binder,Profane Tutor,MH2,Modern Horizons 2,97,normal,rare,1,59467,2afc6f7d-ab59-4d64-bd11-6bd0fd4bfcd2,3.34,false,false,near_mint,en,USD
extra cards,binder,Heartstone,STH,Stronghold,134,normal,uncommon,1,36511,0ed17325-6d2f-404e-b13f-d2d419d522b7,2.14,false,false,near_mint,en,USD
extra cards,binder,Distant Melody,CMM,Commander Masters,846,normal,common,1,84853,c73c83b5-3a91-4495-b6fb-20cdc6edd07b,0.64,false,false,near_mint,en,USD
extra cards,binder,Door of Destinies,C17,Commander 2017,208,normal,rare,1,4247,75fd3fea-158a-4575-84a8-879ee9404242,9.23,false,false,near_mint,en,USD
extra cards,binder,Biomancer's Familiar,RNA,Ravnica Allegiance,158,normal,rare,1,43707,d38c9891-36d1-4565-9c4a-1cd9dbf8c048,1.42,false,false,near_mint,en,USD
extra cards,binder,Coat of Arms,TPR,Tempest Remastered,218,foil,rare,1,11270,d95961d3-8a94-45cd-9d5f-1690960e599a,,false,false,near_mint,en,USD
extra cards,binder,An Offer You Can't Refuse,FIC,Final Fantasy Commander,267,normal,uncommon,1,106259,fe1023a2-c096-4c62-8627-e865b348ba02,2.68,false,false,near_mint,en,USD
extra cards,binder,Beast Whisperer,P30A,30th Anniversary Play Promos,26,foil,rare,1,74023,91b11e18-e29b-4b3b-a37b-91ef52c1c7b3,7.79,false,false,near_mint,en,USD
extra cards,binder,Aphetto Dredging,ONS,Onslaught,125,normal,common,1,31178,c4e7fadf-40f1-45ff-97ef-5830381accc9,0.22,false,false,near_mint,en,USD
extra cards,binder,Amoeboid Changeling,LRW,Lorwyn,51,normal,common,1,25391,068518d2-f061-4061-b208-158e991156b6,0.82,false,false,near_mint,en,USD
extra cards,binder,Virulent Sliver,TSR,Time Spiral Remastered,246,normal,common,1,57879,d5082a2a-e8b1-4799-ad29-a632d95ae1da,0.36,false,false,near_mint,en,USD
extra cards,binder,"Sheoldred, Whispering One",PNPH,New Phyrexia Promos,73★,foil,mythic,1,19889,72ddbbac-9914-44ff-b4d4-60989031744e,17.0,false,false,near_mint,en,USD
extra cards,binder,Victimize,TDC,Tarkir: Dragonstorm Commander,198,normal,uncommon,1,105036,ee008d81-df28-49a8-917d-44f66527e469,0.49,false,false,near_mint,en,USD
extra cards,binder,Wood Elves,CMA,Commander Anthology,170,normal,common,1,5116,77f95da2-cbc4-4430-adb7-75f4c469d98e,0.46,false,false,near_mint,en,USD
extra cards,binder,Nature's Lore,S99,Starter 1999,136,normal,common,1,34566,02a56bce-fd1c-46ab-a941-61f2ef93dc9d,2.95,false,false,near_mint,en,USD
extra cards,binder,Evolution Witness,MH3,Modern Horizons 3,151,normal,common,2,94439,4d89283e-9783-4006-9294-4ae0473d2ce6,0.3,false,false,near_mint,en,USD