Name,Set code,Set name,Collector number,Foil,Rarity,Quantity,ManaBox ID,Scryfall ID,Purchase price,Misprint,Altered,Condition,Language,Purchase price currency,Added
Vision Quest,MSH,Marvel Super Heroes,237,normal,rare,1,113959,c01afea6-645d-4d4f-bdaa-90794a628bcd,0.28,false,false,near_mint,en,USD,2026-07-03T17:07:59.306Z
"Jessica Jones, Private Eye",MSH,Marvel Super Heroes,139,normal,uncommon,1,113424,b48278fd-1d95-4ad6-9a51-f1c5a2ab9f4b,0.15,false,false,near_mint,en,USD,2026-07-03T17:07:59.305Z
Claim the Kingdom,MSH,Marvel Super Heroes,163,normal,uncommon,1,113428,cf13bfb1-5b44-4363-8de9-ece234233870,0.16,false,false,near_mint,en,USD,2026-07-03T17:07:59.303Z
Political Triumph,MSH,Marvel Super Heroes,31,normal,uncommon,1,113386,dec3dd36-b8ca-432b-8973-d37c6efc4c1a,0.18,false,false,near_mint,en,USD,2026-07-03T17:07:59.288Z
"Iron Man, Master of Machines",MSH,Marvel Super Heroes,216,normal,uncommon,1,113226,8f84ab0a-bf6e-4f28-9da8-998512a224ed,0.15,false,false,near_mint,en,USD,2026-07-03T17:07:59.287Z
"Whiplash, Vengeful Engineer",MSH,Marvel Super Heroes,121,normal,uncommon,1,113768,6f6e6767-4d20-469c-9f4b-7286b8cc1979,0.15,false,false,near_mint,en,USD,2026-07-03T17:07:59.286Z
"Stature, Size Shifter",MSH,Marvel Super Heroes,76,normal,uncommon,1,114107,fe692959-64ca-4065-9f9e-1abe590e3d0f,0.15,false,false,near_mint,en,USD,2026-07-03T17:07:59.279Z
"Bullseye, Death Dealer",MSH,Marvel Super Heroes,209,normal,uncommon,1,114104,fd1f0b5f-5e0e-4da1-ab54-a62db5af3591,0.16,false,false,near_mint,en,USD,2026-07-03T17:07:59.278Z
"Invisible Woman, Sue Storm",MSH,Marvel Super Heroes,17,normal,uncommon,1,113154,2f80394b-2f7e-40a7-8203-720bcf39d71b,0.15,false,false,near_mint,en,USD,2026-07-03T17:07:59.277Z
Super Villain Lockup,MSH,Marvel Super Heroes,37,normal,uncommon,1,113568,1af5a1ca-3d11-45e3-ba12-c455c5a7fea1,0.15,false,false,near_mint,en,USD,2026-07-03T17:07:59.269Z
"Tigra, Feline Fury",MSH,Marvel Super Heroes,191,normal,uncommon,1,113208,73c11aea-4fa4-438d-b886-2fafa60c82f9,0.15,false,false,near_mint,en,USD,2026-07-03T17:07:59.268Z
Agent Maria Hill,MSH,Marvel Super Heroes,2,normal,uncommon,1,113421,9e327c67-1cf1-4d82-903c-b41c8e7cf747,0.15,false,false,near_mint,en,USD,2026-07-03T17:07:59.259Z
"Hellcat, Undying Vigilante",MSH,Marvel Super Heroes,170,normal,uncommon,1,113267,d7922c5f-d6ee-4b62-a537-3be5aa280e10,0.15,false,false,near_mint,en,USD,2026-07-03T17:07:59.257Z
Photon Blast Barrage,MSH,Marvel Super Heroes,147,normal,uncommon,1,113287,f85a77d2-e11e-44bc-a1e7-d783cd49d714,0.15,false,false,near_mint,en,USD,2026-07-03T17:07:59.256Z
Madame Hydra,MSH,Marvel Super Heroes,221,normal,uncommon,1,113279,e94ccedb-1d27-4098-8823-d8d99b30387c,0.15,false,false,near_mint,en,USD,2026-07-03T17:07:59.246Z
"Quake, Agent of S.H.I.E.L.D.",MSH,Marvel Super Heroes,32,normal,uncommon,1,113419,92dad216-ef8e-4af2-a3c6-1d215721c478,0.15,false,false,near_mint,en,USD,2026-07-03T17:07:59.238Z
"Beast, Erudite Aerialist",MSH,Marvel Super Heroes,206,normal,uncommon,1,113906,a92a95d2-9529-417a-b7d5-b4244d7fdca7,0.15,false,false,near_mint,en,USD,2026-07-03T17:07:59.237Z
"Misty Knight, Hero for Hire",MSH,Marvel Super Heroes,145,normal,uncommon,1,113758,6b963642-a103-44a0-9eb7-9c3fdde181b7,0.15,false,false,near_mint,en,USD,2026-07-03T17:07:59.236Z
"Attuma, Atlantean Warlord",MSH,Marvel Super Heroes,47,normal,uncommon,1,110067,c3d5add1-0d0e-414b-a964-8da326472d35,0.16,false,false,near_mint,en,USD,2026-07-03T17:07:59.229Z
"Mockingbird, Ace Agent",MSH,Marvel Super Heroes,22,normal,uncommon,1,113537,0f5701ac-ec30-4fb1-bd71-4bac4693c075,0.15,false,false,near_mint,en,USD,2026-07-03T17:07:59.227Z
"Ant-Man, Colony Commander",MSH,Marvel Super Heroes,201,normal,uncommon,1,113150,26faf2db-ad86-462f-b61f-c1893c9aebbf,0.15,false,false,near_mint,en,USD,2026-07-03T17:07:59.226Z
Team Tactics,MSH,Marvel Super Heroes,155,normal,uncommon,1,114026,db1c7a71-3d01-4f2a-9b25-2a19bb0d1a56,0.15,false,false,near_mint,en,USD,2026-07-03T17:07:59.218Z
"Ronin, Shadow Stalker",MSH,Marvel Super Heroes,112,normal,uncommon,1,113394,f74b9794-946e-4ddc-93b2-5a321fc51fd0,0.15,false,false,near_mint,en,USD,2026-07-03T17:07:59.217Z
"White Widow, Free Agent",MSH,Marvel Super Heroes,42,normal,uncommon,1,113368,57da765f-7d87-42ac-9eb0-a49c296fbbf8,0.15,false,false,near_mint,en,USD,2026-07-03T17:07:59.216Z
Blazing Crescendo,MSH,Marvel Super Heroes,340,normal,common,1,113567,1ac8c104-572e-443d-b6d2-0cd26c0fef98,0.21,false,false,near_mint,en,USD,2026-07-03T17:07:59.209Z
"Doc Samson, Super Psychiatrist",MSH,Marvel Super Heroes,164,normal,uncommon,1,113329,19dc5fcc-d05d-41a0-84c5-2dec996f3e4f,0.15,false,false,near_mint,en,USD,2026-07-03T17:07:59.207Z
"Black Panther, Vanguard",MSH,Marvel Super Heroes,207,normal,uncommon,1,113237,9e308f77-206b-4c9d-bfba-f4c476ea574a,0.15,false,false,near_mint,en,USD,2026-07-03T17:07:59.198Z
Super Intelligence,MSH,Marvel Super Heroes,77,normal,uncommon,1,113393,f26613a1-b4ad-4c7f-8dd9-8f82de995f0c,0.15,false,false,near_mint,en,USD,2026-07-03T17:07:59.190Z
Dark Deed,MSH,Marvel Super Heroes,93,normal,uncommon,1,113178,49e36cac-3999-40b3-91b3-85af4fded679,0.15,false,false,near_mint,en,USD,2026-07-03T17:07:59.189Z
Red Hulk,MSH,Marvel Super Heroes,149,normal,uncommon,1,114041,e25468e2-17c6-47b2-8eb6-fcb8ae6f4c17,0.18,false,false,near_mint,en,USD,2026-07-03T17:07:59.188Z
"Red Guardian, Super-Soldier",MSH,Marvel Super Heroes,34,normal,uncommon,1,113962,c08f8163-319a-4a31-b15a-93974cacd5b7,0.15,false,false,near_mint,en,USD,2026-07-03T17:07:59.180Z
"The Thing, Ben Grimm",MSH,Marvel Super Heroes,190,normal,uncommon,1,113166,3f1933a8-046f-471a-afcf-cfb08ca0d239,0.15,false,false,near_mint,en,USD,2026-07-03T17:07:59.179Z
"Night Nurse, Healer of Heroes",MSH,Marvel Super Heroes,26,normal,uncommon,1,113612,3199907b-9f24-4554-942a-8ab5a7701717,0.15,false,false,near_mint,en,USD,2026-07-03T17:07:59.169Z
Falcon's Wing Harness,MSH,Marvel Super Heroes,53,normal,uncommon,1,113402,20e93f86-9e20-4e08-9bf7-ae6ebebf6876,0.15,false,false,near_mint,en,USD,2026-07-03T17:07:59.168Z
The Ten Rings,MSH,Marvel Super Heroes,251,normal,mythic,1,113146,2332bc91-b0f2-4911-844d-d1cc915cd6c8,7.99,false,false,near_mint,en,USD,2026-07-03T17:07:59.159Z
"Stature, Size Shifter",MSH,Marvel Super Heroes,76,foil,uncommon,1,114107,fe692959-64ca-4065-9f9e-1abe590e3d0f,0.15,false,false,near_mint,en,USD,2026-07-03T17:07:59.158Z
Crimson Operative,MSH,Marvel Super Heroes,126,foil,common,1,113975,c4bc077c-f220-47a5-aaf4-5324ca23d0c5,,false,false,near_mint,en,USD,2026-07-03T17:07:59.157Z
Borough Backup,MSH,Marvel Super Heroes,7,foil,common,1,113947,bb753ac8-67e1-44b0-b404-37f04c2b7438,0.15,false,false,near_mint,en,USD,2026-07-03T17:07:59.156Z
"Wiccan, Rising Magician",MSH,Marvel Super Heroes,83,foil,uncommon,1,113728,5d27ddec-716d-47e5-ac48-365e91b88ff1,0.16,false,false,near_mint,en,USD,2026-07-03T17:07:59.155Z
"Attuma, Atlantean Warlord",MSH,Marvel Super Heroes,47,foil,uncommon,1,110067,c3d5add1-0d0e-414b-a964-8da326472d35,0.2,false,false,near_mint,en,USD,2026-07-03T17:07:59.154Z
Super Strength,MSH,Marvel Super Heroes,189,foil,common,1,113574,1d24d200-63d4-44cf-8d3a-6c6ece5e16ff,0.15,false,false,near_mint,en,USD,2026-07-03T17:07:59.153Z
A.I.M. Scientists,MSH,Marvel Super Heroes,44,foil,common,1,113422,ab96b656-100e-491a-a8c9-94dbb9482c4d,0.23,false,false,near_mint,en,USD,2026-07-03T17:07:59.152Z
"Yellowjacket, Heartless Marauder",MSH,Marvel Super Heroes,123,foil,uncommon,1,114021,d8f91212-2ff5-4024-8f14-86bb5c4a9754,0.15,false,false,near_mint,en,USD,2026-07-03T17:07:59.151Z
Ultron Drone,MSH,Marvel Super Heroes,253,foil,common,1,113549,149a0a3b-c470-414c-a7de-d773b8b4cc82,0.25,false,false,near_mint,en,USD,2026-07-03T17:07:59.150Z
Visions of Villainy,MSH,Marvel Super Heroes,120,foil,common,1,114092,f8f1e4f9-7415-437f-b694-ecbdd76db114,0.15,false,false,near_mint,en,USD,2026-07-03T17:07:59.149Z
Dependable Quinjet,MSH,Marvel Super Heroes,246,foil,common,1,113961,c035c625-4de5-4c3b-9d07-aa1df8fc7b78,0.15,false,false,near_mint,en,USD,2026-07-03T17:07:59.148Z
Restorative Technique,MSH,Marvel Super Heroes,183,foil,common,1,114028,dbe9102d-b92b-4c32-93f6-5b6dc0fa08e6,0.16,false,false,near_mint,en,USD,2026-07-03T17:07:59.147Z
Depower,MSH,Marvel Super Heroes,50,foil,common,1,113626,36e9a6e9-1f9d-4860-97ee-f01e66f8eb4d,0.15,false,false,near_mint,en,USD,2026-07-03T17:07:59.146Z
"Ares, God of War",MSH,Marvel Super Heroes,202,normal,rare,1,113409,3e121d65-d341-40b9-bebc-1e7d1b83905c,0.25,false,false,near_mint,en,USD,2026-07-03T17:07:59.145Z
"Taskmaster, Mercenary Mimic",MSH,Marvel Super Heroes,232,normal,rare,1,113532,0d4265fd-cbfa-4e57-89fd-a1d757acfe81,0.28,false,false,near_mint,en,USD,2026-07-03T17:07:59.144Z
"Storm, Windrider",MSH,Marvel Super Heroes,230,normal,rare,1,113388,e90196a9-5a76-42f8-9b40-097d02b47f33,0.28,false,false,near_mint,en,USD,2026-07-03T17:07:59.143Z
Construct a Cosmic Cube,MSH,Marvel Super Heroes,90,normal,rare,1,113172,448de757-ac16-4529-b851-1a1331b821a5,0.25,false,false,near_mint,en,USD,2026-07-03T17:07:59.142Z
Absorbing Man,MSH,Marvel Super Heroes,199,normal,rare,1,113369,7114ef87-53ff-43e9-864c-9faa455d86ef,0.16,false,false,near_mint,en,USD,2026-07-03T17:07:59.141Z
The Kingpin of Crime,MSH,Marvel Super Heroes,220,normal,rare,1,113177,495c08ea-5502-4bfe-aa15-fa85556755ae,0.18,false,false,near_mint,en,USD,2026-07-03T17:07:59.140Z
"Shang-Chi, Master of Kung Fu",MSH,Marvel Super Heroes,187,normal,mythic,1,113605,2edbb62f-ad45-4422-850b-68dcc18b4c73,8.75,false,false,near_mint,en,USD,2026-07-03T17:07:59.139Z
Scientist Supreme of A.I.M.,MSH,Marvel Super Heroes,225,normal,rare,1,113518,0473a990-88c4-4921-a492-377d9171318a,0.25,false,false,near_mint,en,USD,2026-07-03T17:07:59.138Z
Super-Soldier Serum,MSH,Marvel Super Heroes,38,normal,rare,1,113373,845b0be1-4f85-4a8c-8205-dc85c8cf9a61,0.72,false,false,near_mint,en,USD,2026-07-03T17:07:59.136Z
"The Mighty Thor, Jane Foster",MSH,Marvel Super Heroes,222,normal,rare,1,113527,082cc8cc-bbea-4ca7-a0e8-da1f865d6626,0.29,false,false,near_mint,en,USD,2026-07-03T17:07:59.135Z
"Abomination, Terrifying Titan",MSH,Marvel Super Heroes,198,normal,uncommon,1,113361,2c6ab9bb-dba2-4b5b-a4d9-54735f65ac21,0.15,false,false,near_mint,en,USD,2026-07-03T17:07:59.134Z
"Hulkling, Burgeoning Bruiser",MSH,Marvel Super Heroes,173,normal,uncommon,1,113862,9018477f-a67b-4fa4-8661-11ab91fae863,0.15,false,false,near_mint,en,USD,2026-07-03T17:07:59.133Z
"The Thing, Ben Grimm",MSH,Marvel Super Heroes,322,normal,uncommon,1,113137,16a98e97-2b63-4fcb-a3fc-5f8298f6ab12,0.16,false,false,near_mint,en,USD,2026-07-03T17:07:59.132Z
Epic Fight,MSH,Marvel Super Heroes,166,normal,rare,1,114011,d521b80b-4b0b-4d69-bd95-4c83feaf2145,0.25,false,false,near_mint,en,USD,2026-07-03T17:07:59.128Z
"Hulk, Gamma Goliath",MSH,Marvel Super Heroes,215,normal,uncommon,1,113201,682b9f91-18bb-4113-9d5c-a381c191def9,0.15,false,false,near_mint,en,USD,2026-07-03T17:07:59.127Z
HULK SMASH!,MSH,Marvel Super Heroes,332,normal,common,1,113129,0d01bc37-ebf4-4f08-9beb-fef8787f8e7a,0.15,false,false,near_mint,en,USD,2026-07-03T17:07:59.126Z
The Scarlet Witch,MSH,Marvel Super Heroes,368,normal,rare,1,113181,4bf2a4dc-c4aa-453a-ad18-1af42eb59f40,3.99,false,false,near_mint,en,USD,2026-07-03T17:07:59.125Z
Steelshaper's Gift,MAR,Marvel Universe,50,normal,mythic,1,113299,44398c81-593a-4967-acf2-ec9823a10d33,5.6,false,false,near_mint,en,USD,2026-07-03T17:07:59.124Z
Take Up the Shield,MSH,Marvel Super Heroes,348,normal,common,1,114016,d7ebfe43-1772-4557-bad5-e170e8270d21,0.15,false,false,near_mint,en,USD,2026-07-03T17:07:59.123Z
"Spider-Man, To the Rescue",MSH,Marvel Super Heroes,335,normal,uncommon,1,113840,87dd1800-b9b6-4bac-a504-28146a42a4b4,0.21,false,false,near_mint,en,USD,2026-07-03T17:07:59.122Z
"Mister Fantastic, Reed Richards",MSH,Marvel Super Heroes,320,normal,uncommon,1,113207,6fa1c908-68cb-4832-b972-f9efe7d55cdb,0.21,false,false,near_mint,en,USD,2026-07-03T17:07:59.121Z
Avengers Disassembled,MSH,Marvel Super Heroes,302,normal,rare,1,113425,c1e9b598-a3a4-4d31-8f74-532415725b70,0.79,false,false,near_mint,en,USD,2026-07-03T17:07:59.120Z
Plains,MSH,Marvel Super Heroes,278,normal,common,1,113202,69a24fc3-90f9-4f2e-91d9-1aaca888e432,0.17,false,false,near_mint,en,USD,2026-07-03T17:07:59.118Z
Plains,MSH,Marvel Super Heroes,277,normal,common,1,113252,be30f027-ffdd-4d81-bed2-4adb6b4b803f,0.19,false,false,near_mint,en,USD,2026-07-03T17:07:59.117Z
Swamp,MSH,Marvel Super Heroes,291,normal,common,1,113209,74414c62-4b68-4e1b-9241-feff3231b9ee,0.15,false,false,near_mint,en,USD,2026-07-03T17:07:59.116Z
Plains,MSH,Marvel Super Heroes,288,normal,common,1,113285,f29448c0-3126-4018-a934-5a4ed019ea76,0.15,false,false,near_mint,en,USD,2026-07-03T17:07:59.115Z
Plains,MSH,Marvel Super Heroes,287,normal,common,1,113194,5f029c91-f20b-4aa5-a7d9-dd6ddef1c877,0.15,false,false,near_mint,en,USD,2026-07-03T17:07:59.114Z
Mountain,MSH,Marvel Super Heroes,293,normal,common,1,113180,4bdbae27-9a55-485f-a1fc-3fa988184e9d,0.15,false,false,near_mint,en,USD,2026-07-03T17:07:59.113Z
Mountain,MSH,Marvel Super Heroes,283,normal,common,1,113236,9c29ba11-7438-4fd7-98b9-961be882122d,0.2,false,false,near_mint,en,USD,2026-07-03T17:07:59.112Z
Mountain,MSH,Marvel Super Heroes,284,normal,common,1,113145,22cc3a0c-ab10-490d-b309-df87df551328,0.19,false,false,near_mint,en,USD,2026-07-03T17:07:59.111Z
Island,MSH,Marvel Super Heroes,289,normal,common,1,113191,5a74175b-2418-4226-8435-1490532e644f,0.15,false,false,near_mint,en,USD,2026-07-03T17:07:59.110Z
Forest,MSH,Marvel Super Heroes,296,normal,common,1,113259,c9d637ac-e0d3-4c62-9f00-08270f3c1e91,0.15,false,false,near_mint,en,USD,2026-07-03T17:07:59.109Z
Forest,MSH,Marvel Super Heroes,286,normal,common,1,113176,47eb96ec-a417-4dbc-82d2-6317372dda11,0.17,false,false,near_mint,en,USD,2026-07-03T17:07:59.108Z
Forest,MSH,Marvel Super Heroes,295,normal,common,1,113144,22463284-2478-4b1e-9a37-6dd2383266cf,0.15,false,false,near_mint,en,USD,2026-07-03T17:07:59.107Z
Moloid,TMSH,Marvel Super Heroes Tokens,13,normal,common,1,114423,57bcf5f4-da1e-4b6a-85ef-aad91d2276cf,1.4,false,false,near_mint,en,USD,2026-07-03T17:07:59.106Z
Wall,TMSH,Marvel Super Heroes Tokens,1,normal,common,1,114462,82d35a61-3c87-405d-b857-cf43067cb1c4,0.15,false,false,near_mint,en,USD,2026-07-03T17:07:59.105Z
Clue,TMSH,Marvel Super Heroes Tokens,17,normal,common,2,114427,5e644586-888f-4e2e-8d66-8aa02bd79ec1,0.15,false,false,near_mint,en,USD,2026-07-03T17:07:59.104Z
Soldier,TMSH,Marvel Super Heroes Tokens,4,normal,common,1,114299,5ef2f34e-0ff2-4157-9d4a-73ecf4cd449b,0.2,false,false,near_mint,en,USD,2026-07-03T17:07:59.103Z
Insect,TMSH,Marvel Super Heroes Tokens,12,normal,common,1,114577,e5aa36ec-5f3a-405d-9a65-5a56a44dcee3,0.15,false,false,near_mint,en,USD,2026-07-03T17:07:59.102Z
Hero,TMSH,Marvel Super Heroes Tokens,2,normal,common,1,114575,e4a64831-eec5-4fc9-8904-19523af3ca42,0.24,false,false,near_mint,en,USD,2026-07-03T17:07:59.101Z
Robot Villain,TMSH,Marvel Super Heroes Tokens,20,normal,common,3,114320,8eb1de03-fc45-45bd-bd1f-5b164104426e,0.25,false,false,near_mint,en,USD,2026-07-03T17:07:59.100Z
Treasure,TMSH,Marvel Super Heroes Tokens,22,normal,common,7,114093,f909bd95-58a1-4299-9570-87724145fc85,0.22,false,false,near_mint,en,USD,2026-07-03T17:07:59.099Z
Soldier,TMSH,Marvel Super Heroes Tokens,3,normal,common,4,114590,ecd686bf-d14b-491c-b0c5-88fc8f0472f9,0.15,false,false,near_mint,en,USD,2026-07-03T17:07:59.098Z
Villain,TMSH,Marvel Super Heroes Tokens,9,normal,common,1,114297,4a51b6a0-9a54-4f01-b959-0a28c15d103f,0.2,false,false,near_mint,en,USD,2026-07-03T17:07:59.097Z
Subterranean Cavern,MSH,Marvel Super Heroes,273,normal,common,1,113515,038bf500-e23a-4d38-9312-db1909e20353,0.15,false,false,near_mint,en,USD,2026-07-03T17:07:59.096Z
Hell's Kitchen,MSH,Marvel Super Heroes,268,normal,common,1,113741,6137c34e-cc4c-4342-a8e4-cfa9c767c67b,0.15,false,false,near_mint,en,USD,2026-07-03T17:07:59.095Z
Pym Technologies,MSH,Marvel Super Heroes,271,normal,common,1,113578,1de583ce-e805-45f1-907f-198bc82fd3b5,0.15,false,false,near_mint,en,USD,2026-07-03T17:07:59.094Z
Los Diablos Missile Base,MSH,Marvel Super Heroes,270,normal,common,1,113586,2123fcb5-8181-47ab-9a2d-7ede5b5118e8,0.15,false,false,near_mint,en,USD,2026-07-03T17:07:59.093Z
Stark Industries,MSH,Marvel Super Heroes,272,normal,common,2,114106,fe3609d8-71a2-49d9-a3fa-25e0906a1a0e,0.15,false,false,near_mint,en,USD,2026-07-03T17:07:59.092Z
Birnin Zana Plaza,MSH,Marvel Super Heroes,262,normal,common,2,113655,41463827-46de-40c4-ac2b-1fdf6aa36f65,0.15,false,false,near_mint,en,USD,2026-07-03T17:07:59.091Z
Avengers Hangar,MSH,Marvel Super Heroes,259,normal,common,1,113977,c5d03ebb-1ce9-4a6b-b13e-a72f0b075ae8,0.15,false,false,near_mint,en,USD,2026-07-03T17:07:59.090Z
Fisk Tower,MSH,Marvel Super Heroes,265,normal,common,1,113786,7690e624-93c1-46f4-8f33-e28d881787d3,0.15,false,false,near_mint,en,USD,2026-07-03T17:07:59.089Z
Baxter Building,MSH,Marvel Super Heroes,261,normal,uncommon,2,113358,1abc652f-8e9d-4df7-bc4e-d8b515a40fec,0.15,false,false,near_mint,en,USD,2026-07-03T17:07:59.088Z
Villainous Hideout,MSH,Marvel Super Heroes,276,normal,uncommon,1,113823,822b0249-e1df-453d-8b60-75a5196ed818,0.15,false,false,near_mint,en,USD,2026-07-03T17:07:59.087Z
Avengers Tower,MSH,Marvel Super Heroes,260,normal,uncommon,1,113374,88f0d9c9-8a1f-4b5a-b6f9-821ddd658d27,0.17,false,false,near_mint,en,USD,2026-07-03T17:07:59.086Z
Avengers Tower,MSH,Marvel Super Heroes,334,normal,uncommon,1,113399,1292713f-1462-438f-a3a2-1f69ece99668,0.16,false,false,near_mint,en,USD,2026-07-03T17:07:59.085Z
"Mister Fantastic, Reed Richards",MSH,Marvel Super Heroes,66,normal,uncommon,1,113139,17ef068b-61fc-443d-97b0-1e41f2622425,0.19,false,false,near_mint,en,USD,2026-07-03T17:07:59.084Z
S.H.I.E.L.D. Flying Car,MSH,Marvel Super Heroes,74,normal,rare,1,113338,8e651410-b829-4468-b866-a9dd15f909ad,0.16,false,false,near_mint,en,USD,2026-07-03T17:07:59.075Z
"U.S.Agent, John Walker",MSH,Marvel Super Heroes,236,normal,uncommon,1,113364,35e11911-799c-4d82-9109-3ca27964bef0,0.15,false,false,near_mint,en,USD,2026-07-03T17:07:59.074Z
"Arnim Zola, Bio-Fanatic",MSH,Marvel Super Heroes,86,normal,uncommon,1,113525,07c70df6-b064-424a-852e-201b312a5b54,0.15,false,false,near_mint,en,USD,2026-07-03T17:07:59.073Z
Kid Loki,MSH,Marvel Super Heroes,63,normal,uncommon,1,113727,5c9ff69e-6489-49f3-b401-64856f0b7c11,0.17,false,false,near_mint,en,USD,2026-07-03T17:07:59.072Z
"She-Hulk, Jade Defender",MSH,Marvel Super Heroes,188,normal,uncommon,1,114006,d22a8d02-023c-4f71-a771-16b5aa2a05d7,0.15,false,false,near_mint,en,USD,2026-07-03T17:07:59.064Z
"War Machine, Legacy of Iron",MSH,Marvel Super Heroes,238,normal,uncommon,1,113663,433a7d97-9c0b-4f5c-85ad-b55342c02d22,0.15,false,false,near_mint,en,USD,2026-07-03T17:07:59.063Z
"Shuri, Wakandan Inventor",MSH,Marvel Super Heroes,75,normal,uncommon,1,113198,65005522-555e-4479-939c-be16e0262f6f,0.24,false,false,near_mint,en,USD,2026-07-03T17:07:59.062Z
"Titania, Rugged Rumbler",MSH,Marvel Super Heroes,235,normal,uncommon,1,113426,c281e0ee-155b-4022-b921-ebc391535aad,0.15,false,false,near_mint,en,USD,2026-07-03T17:07:59.061Z
The Wondrous Wasp,MSH,Marvel Super Heroes,84,normal,rare,1,113675,484e80a4-1d5f-4c27-98a8-ee2ef9d6cbdc,0.41,false,false,near_mint,en,USD,2026-07-03T17:07:59.060Z
Worlds Within Worlds,MSH,Marvel Super Heroes,241,normal,rare,1,113175,4765e39c-cbf2-4605-9bf1-3baad7d92cfb,0.15,false,false,near_mint,en,USD,2026-07-03T17:07:59.059Z
Forest,MSH,Marvel Super Heroes,296,foil,common,1,113259,c9d637ac-e0d3-4c62-9f00-08270f3c1e91,0.15,false,false,near_mint,en,USD,2026-07-03T17:07:59.058Z
Mountain,MSH,Marvel Super Heroes,293,foil,common,1,113180,4bdbae27-9a55-485f-a1fc-3fa988184e9d,0.15,false,false,near_mint,en,USD,2026-07-03T17:07:59.057Z
Plains,MSH,Marvel Super Heroes,278,foil,common,1,113202,69a24fc3-90f9-4f2e-91d9-1aaca888e432,0.16,false,false,near_mint,en,USD,2026-07-03T17:07:59.056Z
"Hercules, Prince of Power",MSH,Marvel Super Heroes,171,foil,uncommon,1,113384,d610d9fe-f8ae-473f-9325-e2f28f7e8a69,0.16,false,false,near_mint,en,USD,2026-07-03T17:07:59.055Z
Unliving Legionnaire,MSH,Marvel Super Heroes,119,foil,common,1,113998,ce08f4bb-7da3-4199-8b90-fcdb29e84e98,0.15,false,false,near_mint,en,USD,2026-07-03T17:07:59.054Z
Ninja of the Hand,MSH,Marvel Super Heroes,108,foil,common,1,113757,6b8116d8-2cc6-449b-a8b4-8a5166553497,0.15,false,false,near_mint,en,USD,2026-07-03T17:07:59.053Z
Surveillance Room,MSH,Marvel Super Heroes,274,foil,common,1,113861,8fb51fbb-ab7f-4484-a3c9-dc50cb6f2756,0.24,false,false,near_mint,en,USD,2026-07-03T17:07:59.052Z
Asgardian Citadel,MSH,Marvel Super Heroes,258,foil,common,1,114013,d5f88c3d-b17b-46aa-a573-449350f95d46,0.15,false,false,near_mint,en,USD,2026-07-03T17:07:59.051Z
A.I.M. Labs,MSH,Marvel Super Heroes,257,foil,common,1,113987,ca24cd9f-fd9f-4ea0-8b9c-ecf98db219a6,0.15,false,false,near_mint,en,USD,2026-07-03T17:07:59.050Z
Subterranean Cavern,MSH,Marvel Super Heroes,273,foil,common,1,113515,038bf500-e23a-4d38-9312-db1909e20353,0.15,false,false,near_mint,en,USD,2026-07-03T17:07:59.049Z
Thunderbolts Conspiracy,MSH,Marvel Super Heroes,117,normal,rare,1,110075,f498c1a4-54d2-4e87-952f-8cf7e408930c,0.15,false,false,near_mint,en,USD,2026-07-03T17:07:59.048Z
"Ms. Marvel, Kamala Khan",MSH,Marvel Super Heroes,67,normal,rare,1,113381,9dd2d627-10fc-4045-8545-03bcf75e60ca,0.16,false,false,near_mint,en,USD,2026-07-03T17:07:59.047Z
"Wolverine, Fierce Fighter",MSH,Marvel Super Heroes,240,normal,rare,1,113257,c1c7aa22-51b0-45ee-9a8e-5493a1820d8c,0.3,false,false,near_mint,en,USD,2026-07-03T17:07:59.046Z
Heroic Feast,MSH,Marvel Super Heroes,172,normal,rare,1,113614,32d05c3d-cf03-492e-a956-2e77c36e36c4,0.32,false,false,near_mint,en,USD,2026-07-03T17:07:59.045Z
Origin of the Avengers,MSH,Marvel Super Heroes,28,normal,rare,1,113380,9b0701e8-e365-425a-b897-92f4df9edcb8,0.15,false,false,near_mint,en,USD,2026-07-03T17:07:59.044Z
Agents of S.H.I.E.L.D.,MSH,Marvel Super Heroes,5,foil,common,1,114023,d9b5e156-0764-44e0-b0c7-de2561ea9e04,0.34,false,false,near_mint,en,USD,2026-07-03T17:07:59.043Z
Blazing Crescendo,MSH,Marvel Super Heroes,125,foil,common,1,113828,8447c3d6-8c65-4d3c-81c4-609801602d06,0.5,false,false,near_mint,en,USD,2026-07-03T17:07:59.042Z
HYDRA Troopers,MSH,Marvel Super Heroes,101,foil,common,1,113410,40c202f1-6e0d-42f4-a41e-e0be3362d585,0.15,false,false,near_mint,en,USD,2026-07-03T17:07:59.041Z
"Colleen Wing, Street Samurai",MSH,Marvel Super Heroes,13,foil,uncommon,1,113417,8bffc505-608e-4a5b-9ed9-2321e4cab484,0.27,false,false,near_mint,en,USD,2026-07-03T17:07:59.040Z
Roxxon Brutes,MSH,Marvel Super Heroes,113,foil,common,1,113414,66550490-74e1-4bf1-8741-1266dfab3a03,0.26,false,false,near_mint,en,USD,2026-07-03T17:07:59.039Z
"Spider-Man, To the Rescue",MSH,Marvel Super Heroes,228,foil,uncommon,1,114050,e5db6968-1ca3-46bd-8cf9-e2c411ab29c1,0.35,false,false,near_mint,en,USD,2026-07-03T17:07:59.038Z
"Iron Fist, Living Weapon",MSH,Marvel Super Heroes,138,foil,uncommon,1,113193,5cc2d948-ac8b-4466-b604-3fabc0ab6bb9,0.15,false,false,near_mint,en,USD,2026-07-03T17:07:59.037Z
"Colleen Wing, Street Samurai",MSH,Marvel Super Heroes,13,normal,uncommon,1,113417,8bffc505-608e-4a5b-9ed9-2321e4cab484,0.15,false,false,near_mint,en,USD,2026-07-03T17:07:59.027Z
The Masters of Evil,MSH,Marvel Super Heroes,105,normal,uncommon,1,113200,65ba4439-3282-4179-85b9-67a25e2e5d24,0.15,false,false,near_mint,en,USD,2026-07-03T17:07:59.018Z
Thor Odinson,MSH,Marvel Super Heroes,234,normal,uncommon,1,113131,0e06f730-ae30-4ef2-88b1-073e02afdb25,0.15,false,false,near_mint,en,USD,2026-07-03T17:07:59.017Z
Rewrite History,MSH,Marvel Super Heroes,71,normal,uncommon,1,113377,91fdf444-3f41-4b8b-b9f5-f3ae3d903649,0.15,false,false,near_mint,en,USD,2026-07-03T17:07:59.016Z
"Crossbones, Malicious Mercenary",MSH,Marvel Super Heroes,91,normal,uncommon,1,113357,1576148a-2371-49ba-8eef-0bc2ec3dcaf3,0.15,false,false,near_mint,en,USD,2026-07-03T17:07:59.009Z
"Spider-Woman, Secret Agent",MSH,Marvel Super Heroes,229,normal,uncommon,1,113238,a0325cb5-4c43-418a-8f1b-cf5bf29e74d7,0.15,false,false,near_mint,en,USD,2026-07-03T17:07:59.008Z
"Hercules, Prince of Power",MSH,Marvel Super Heroes,171,normal,uncommon,1,113384,d610d9fe-f8ae-473f-9325-e2f28f7e8a69,0.2,false,false,near_mint,en,USD,2026-07-03T17:07:59.000Z
"Iron Fist, Living Weapon",MSH,Marvel Super Heroes,138,normal,uncommon,1,113193,5cc2d948-ac8b-4466-b604-3fabc0ab6bb9,0.15,false,false,near_mint,en,USD,2026-07-03T17:07:58.997Z
Pym Particles,MSH,Marvel Super Heroes,70,normal,uncommon,1,113418,928dfa54-1ead-4eff-a538-36cb94f05b78,0.18,false,false,near_mint,en,USD,2026-07-03T17:07:58.988Z
"Okoye, Dora Milaje Leader",MSH,Marvel Super Heroes,27,normal,uncommon,1,113602,2c89acf5-20f0-4441-b96f-2c5cacd685fb,0.15,false,false,near_mint,en,USD,2026-07-03T17:07:58.987Z
Evil's Thrall,MSH,Marvel Super Heroes,128,normal,uncommon,1,113363,310e30cd-b8c3-40ea-9d61-57c5c5fc2a0b,0.15,false,false,near_mint,en,USD,2026-07-03T17:07:58.979Z
"Black Widow, Double Agent",MSH,Marvel Super Heroes,208,normal,uncommon,1,113241,aa8dbbb9-36a5-48e0-9e30-aeed0fb5d522,0.18,false,false,near_mint,en,USD,2026-07-03T17:07:58.978Z
"Speedball, New Warrior",MSH,Marvel Super Heroes,227,normal,uncommon,1,114038,e040b456-9853-4e94-9bf8-9374888168bb,0.16,false,false,near_mint,en,USD,2026-07-03T17:07:58.976Z
"Klaw, Sonic Subjugator",MSH,Marvel Super Heroes,103,normal,uncommon,1,113980,c79a86f8-24e9-49a2-8b1c-72a72fed1985,0.15,false,false,near_mint,en,USD,2026-07-03T17:07:58.974Z
"Killmonger, Scourge of Wakanda",MSH,Marvel Super Heroes,218,normal,uncommon,1,113184,5060aa13-4b33-4b3a-8bdb-dd81308fa3e3,0.16,false,false,near_mint,en,USD,2026-07-03T17:07:58.973Z
"Human Torch, Johnny Storm",MSH,Marvel Super Heroes,136,normal,uncommon,1,113227,8f8659f6-a793-4edc-8401-d9126840c1c2,0.15,false,false,near_mint,en,USD,2026-07-03T17:07:58.972Z
"Iron Lad, Diverging Destiny",MSH,Marvel Super Heroes,59,normal,uncommon,1,113407,355e7197-2f20-43b6-9305-73c4e1fd4a3c,0.15,false,false,near_mint,en,USD,2026-07-03T17:07:58.960Z
S.H.I.E.L.D. Helicarrier,MSH,Marvel Super Heroes,249,normal,uncommon,1,113624,364dc091-3161-4cd7-838c-742b9325fc32,0.15,false,false,near_mint,en,USD,2026-07-03T17:07:58.959Z
"Rick Jones, Destined Sidekick",MSH,Marvel Super Heroes,184,normal,uncommon,1,113595,29bffd7c-73be-4185-976b-36a42a4512fe,0.15,false,false,near_mint,en,USD,2026-07-03T17:07:58.958Z
"Grim Reaper, Lethal Legionnaire",MSH,Marvel Super Heroes,98,normal,uncommon,1,113411,4b1cedfe-4712-4602-a8a8-112bd54c9938,0.15,false,false,near_mint,en,USD,2026-07-03T17:07:58.957Z
Loki Laufeyson,MSH,Marvel Super Heroes,143,normal,uncommon,1,113707,53b795a7-11f8-423a-b021-f811007fc82f,0.15,false,false,near_mint,en,USD,2026-07-03T17:07:58.949Z
"Patriot, Shield Wielder",MSH,Marvel Super Heroes,30,normal,uncommon,1,113356,1467d7c9-00d8-43f1-b4e7-a279d2b10503,0.15,false,false,near_mint,en,USD,2026-07-03T17:07:58.948Z
"Agent 13, Sharon Carter",MSH,Marvel Super Heroes,1,normal,uncommon,1,113355,107cb521-9806-47dc-92d8-b43112b63caa,0.15,false,false,near_mint,en,USD,2026-07-03T17:07:58.938Z
Death to Our Enemies,MSH,Marvel Super Heroes,127,normal,uncommon,1,113431,f2a8f518-c0b5-4e15-aab2-49b5ef29fb41,0.15,false,false,near_mint,en,USD,2026-07-03T17:07:58.931Z
"Spider-Man, To the Rescue",MSH,Marvel Super Heroes,228,normal,uncommon,1,114050,e5db6968-1ca3-46bd-8cf9-e2c411ab29c1,0.15,false,false,near_mint,en,USD,2026-07-03T17:07:58.929Z
"Wiccan, Rising Magician",MSH,Marvel Super Heroes,83,normal,uncommon,1,113728,5d27ddec-716d-47e5-ac48-365e91b88ff1,0.15,false,false,near_mint,en,USD,2026-07-03T17:07:58.928Z
"Justice, Vance Astrovik",MSH,Marvel Super Heroes,61,normal,uncommon,1,114079,f1448731-d50e-4b9c-8eb2-3d85c21516c6,0.15,false,false,near_mint,en,USD,2026-07-03T17:07:58.919Z
"Echo, Perceptive Prodigy",MSH,Marvel Super Heroes,51,normal,uncommon,1,113260,cd9b9be6-0143-467c-8a2a-937ecafe0473,0.15,false,false,near_mint,en,USD,2026-07-03T17:07:58.907Z
The Serpent Society,MSH,Marvel Super Heroes,226,foil,rare,1,113401,209855ee-d531-4b58-926b-8da171d46619,0.63,false,false,near_mint,en,USD,2026-07-03T17:07:58.906Z
"Captain America, Wings of Freedom",MSH,Marvel Super Heroes,10,foil,rare,1,113427,c87ca9ce-5034-4137-99cc-c2b28f298912,0.44,false,false,near_mint,en,USD,2026-07-03T17:07:58.905Z
Multiversal Incursion,MSH,Marvel Super Heroes,68,foil,mythic,1,113224,8a505f6f-933c-4644-838f-897f5e4133b0,1.09,false,false,near_mint,en,USD,2026-07-03T17:07:58.904Z
Atlantis Attacks,MSH,Marvel Super Heroes,46,foil,common,1,113653,40bc4380-055d-4913-93cb-280c9c1d1a87,,false,false,near_mint,en,USD,2026-07-03T17:07:58.903Z
The Vision,MSH,Marvel Super Heroes,255,normal,rare,1,112954,2961cf20-33c8-4e66-9d0f-6daca8ea7880,0.58,false,false,near_mint,en,USD,2026-07-03T17:07:58.902Z
"Monica Rambeau // Photon, Living Light",MSH,Marvel Super Heroes,23,normal,mythic,1,113167,3f995518-b12a-4623-9ab3-b79a5cef3cba,1.74,false,false,near_mint,en,USD,2026-07-03T17:07:58.901Z
Secret Invasion,MSH,Marvel Super Heroes,72,normal,rare,1,113275,e361b2f4-cd2f-44e9-a56d-c1d6b5ae742d,0.18,false,false,near_mint,en,USD,2026-07-03T17:07:58.900Z
Cosmic Cube,MSH,Marvel Super Heroes,245,normal,mythic,1,114004,d1cf1ead-fe91-4328-89ab-6d0bc9ff6cbe,7.86,false,false,near_mint,en,USD,2026-07-03T17:07:58.899Z
"Cloak and Dagger, Entwined",MSH,Marvel Super Heroes,211,normal,rare,1,114096,fa01d35f-1064-4a7c-9475-4504566df850,0.23,false,false,near_mint,en,USD,2026-07-03T17:07:58.898Z
The Super Hero Civil War,MSH,Marvel Super Heroes,231,normal,rare,1,113345,fbd1f333-5640-41f8-b9dd-1c322ac7724a,0.17,false,false,near_mint,en,USD,2026-07-03T17:07:58.897Z
Super-Skrull,MSH,Marvel Super Heroes,115,normal,rare,1,110042,11fc8221-756a-4919-9272-38793e9c1ad9,0.15,false,false,near_mint,en,USD,2026-07-03T17:07:58.896Z
The Scarlet Witch,MSH,Marvel Super Heroes,151,normal,rare,1,113168,407e8993-e56d-477d-ab85-d10a2522eab3,0.77,false,false,near_mint,en,USD,2026-07-03T17:07:58.895Z
Surveillance Room,MSH,Marvel Super Heroes,274,normal,common,1,113861,8fb51fbb-ab7f-4484-a3c9-dc50cb6f2756,0.15,false,false,near_mint,en,USD,2026-07-03T17:07:58.894Z
Asgardian Citadel,MSH,Marvel Super Heroes,258,normal,common,1,114013,d5f88c3d-b17b-46aa-a573-449350f95d46,0.15,false,false,near_mint,en,USD,2026-07-03T17:07:58.893Z
A.I.M. Labs,MSH,Marvel Super Heroes,257,normal,common,1,113987,ca24cd9f-fd9f-4ea0-8b9c-ecf98db219a6,0.15,false,false,near_mint,en,USD,2026-07-03T17:07:58.892Z
Dark Fortress,MSH,Marvel Super Heroes,380,normal,rare,1,113344,e9b288fb-d122-4c9f-9dd9-d21856a6aac9,3.0,false,false,near_mint,en,USD,2026-07-03T17:07:58.891Z
Dark Fortress,MSH,Marvel Super Heroes,264,normal,rare,1,113339,c16fd43c-7c47-4c1b-860f-91146532e89d,2.91,false,false,near_mint,en,USD,2026-07-03T17:07:58.890Z
Gathering Place,MSH,Marvel Super Heroes,266,normal,rare,1,113326,081cdbd0-5081-4a9e-90ba-f5baf4ac137e,2.8,false,false,near_mint,en,USD,2026-07-03T17:07:58.889Z
Zabu,TMSH,Marvel Super Heroes Tokens,16,normal,common,1,114481,8ff55043-379e-400c-9847-30b75e4a1322,1.99,false,false,near_mint,en,USD,2026-07-03T17:07:58.888Z
Food,TMSH,Marvel Super Heroes Tokens,19,normal,common,1,114392,39389acc-cfa7-4a44-9d46-45be7dd72564,4.84,false,false,near_mint,en,USD,2026-07-03T17:07:58.887Z
Doombot,TMSH,Marvel Super Heroes Tokens,18,normal,common,1,114405,452680b5-5032-413a-bb5a-3fc8cfe88be9,1.2,false,false,near_mint,en,USD,2026-07-03T17:07:58.886Z
The Void,TMSH,Marvel Super Heroes Tokens,10,normal,common,1,114563,d656b085-fb86-4d2f-a4fc-b65f6ed9f001,1.75,false,false,near_mint,en,USD,2026-07-03T17:07:58.885Z
Tony Stark // The Invincible Iron Man,MSH,Marvel Super Heroes,80,normal,mythic,1,113182,4cea42fd-035e-4b8f-8b1d-ff363b694f14,5.5,false,false,near_mint,en,USD,2026-07-03T17:07:58.884Z
"Mole Man, Moloid Master",MSH,Marvel Super Heroes,177,normal,rare,1,113359,1b406cc5-75c9-430a-83a2-de0f2a8aeae6,1.01,false,false,near_mint,en,USD,2026-07-03T17:07:58.883Z
The Mind Stone,MSH,Marvel Super Heroes,21,normal,mythic,1,112955,87f1e69a-6d74-4982-afda-82613637799a,60.88,false,false,near_mint,en,USD,2026-07-03T17:07:58.882Z
Hex Magic,MSH,Marvel Super Heroes,133,normal,uncommon,2,113591,259bed47-1950-43ae-8efd-3009537529a8,0.56,false,false,near_mint,en,USD,2026-07-03T17:07:58.908Z
Madame Masque,MSH,Marvel Super Heroes,104,normal,uncommon,2,114088,f54197b8-6279-43ee-9340-69bd22cf3775,0.15,false,false,near_mint,en,USD,2026-07-03T17:07:58.909Z
Call Damage Control,MSH,Marvel Super Heroes,162,normal,common,3,114035,de1ed886-c33b-4cfd-8442-944cec654a8b,0.15,false,false,near_mint,en,USD,2026-07-03T17:07:58.910Z
Volcanic Villain,MSH,Marvel Super Heroes,159,normal,common,3,113692,4f48ba40-9934-40fd-a251-e15a68e772d2,0.15,false,false,near_mint,en,USD,2026-07-03T17:07:58.911Z
Ant-Man's Army,MSH,Marvel Super Heroes,161,normal,common,3,113743,61a89566-06c1-404f-8217-e5276e2dc5a2,0.15,false,false,near_mint,en,USD,2026-07-03T17:07:58.912Z
Panther Pounce,MSH,Marvel Super Heroes,29,normal,common,3,113654,4122ae40-800d-4b6b-93c9-aa503c33f1a9,0.15,false,false,near_mint,en,USD,2026-07-03T17:07:58.913Z
HYDRA Troopers,MSH,Marvel Super Heroes,101,normal,common,3,113410,40c202f1-6e0d-42f4-a41e-e0be3362d585,0.15,false,false,near_mint,en,USD,2026-07-03T17:07:58.914Z
Murdock's Crusade,MSH,Marvel Super Heroes,24,normal,common,2,113234,98df64ca-39c3-47e6-8143-4106c8e9cf59,0.15,false,false,near_mint,en,USD,2026-07-03T17:07:58.915Z
HULK SMASH!,MSH,Marvel Super Heroes,135,normal,common,2,113161,374ffb3e-0753-4682-936a-ae6921ace475,0.15,false,false,near_mint,en,USD,2026-07-03T17:07:58.916Z
"Kang, Temporal Tyrant",MSH,Marvel Super Heroes,217,normal,uncommon,2,113289,fb96ee86-5139-472a-9c4b-8a8a4280fc7e,0.15,false,false,near_mint,en,USD,2026-07-03T17:07:58.917Z
Punishing Punch,MSH,Marvel Super Heroes,180,normal,uncommon,2,113897,a33a4cb4-1b57-47ca-8e5e-58ff46a6e0ce,0.15,false,false,near_mint,en,USD,2026-07-03T17:07:58.918Z
"Luke Cage, Power Man",MSH,Marvel Super Heroes,20,normal,uncommon,2,113366,3b72c9e9-1cb2-4374-873a-53af293d86d0,0.15,false,false,near_mint,en,USD,2026-07-03T17:07:58.920Z
Vibranium Energy Daggers,MSH,Marvel Super Heroes,254,normal,common,3,113694,4fe5952d-f50f-443a-b960-657fc4bc1965,0.15,false,false,near_mint,en,USD,2026-07-03T17:07:58.921Z
Super Suit,MSH,Marvel Super Heroes,78,normal,common,2,114056,e87f3a26-c2e5-47c7-b19d-bc01cb794805,0.15,false,false,near_mint,en,USD,2026-07-03T17:07:58.922Z
Lightning Strike,MSH,Marvel Super Heroes,142,normal,common,3,113842,88b13bc0-da54-4c3b-917c-7c8345a329f5,0.15,false,false,near_mint,en,USD,2026-07-03T17:07:58.923Z
Giant Growth,MSH,Marvel Super Heroes,167,normal,common,3,114105,fd1f95bf-48ea-455a-8a6c-0249b11c8900,0.15,false,false,near_mint,en,USD,2026-07-03T17:07:58.924Z
Hour of Defeat,MSH,Marvel Super Heroes,99,normal,common,3,113887,9e0034dd-396e-46af-b931-0daa25da4406,0.15,false,false,near_mint,en,USD,2026-07-03T17:07:58.925Z
Agent of Atlas,MSH,Marvel Super Heroes,3,normal,common,3,113910,a9db550e-ed1f-4973-a7f5-ec2e6adb8e6b,0.15,false,false,near_mint,en,USD,2026-07-03T17:07:58.926Z
A.I.M. Scientists,MSH,Marvel Super Heroes,44,normal,common,3,113422,ab96b656-100e-491a-a8c9-94dbb9482c4d,0.15,false,false,near_mint,en,USD,2026-07-03T17:07:58.927Z
Robot Domination,MSH,Marvel Super Heroes,111,normal,uncommon,2,113423,b26bb968-6612-43fe-9147-a3d4786cbc20,0.15,false,false,near_mint,en,USD,2026-07-03T17:07:58.930Z
HYDRA Assault Robot,MSH,Marvel Super Heroes,137,normal,common,3,114044,e3b23fff-7d3b-4341-b556-82136f8c113b,0.15,false,false,near_mint,en,USD,2026-07-03T17:07:58.932Z
S.H.I.E.L.D. Deployment Drone,MSH,Marvel Super Heroes,73,normal,common,3,113970,c3d0f02f-dfaf-47b6-8053-514417f4dfe2,0.15,false,false,near_mint,en,USD,2026-07-03T17:07:58.935Z
Agents of HYDRA,MSH,Marvel Super Heroes,85,normal,common,3,113830,857fef2e-df1f-4ec6-a262-f6fa52389cf9,0.15,false,false,near_mint,en,USD,2026-07-03T17:07:58.936Z
Too Evil to Stay Dead,MSH,Marvel Super Heroes,118,normal,uncommon,2,114085,f471e9ce-73bb-4090-98f2-f591c7cf4efe,0.15,false,false,near_mint,en,USD,2026-07-03T17:07:58.939Z
H.E.R.B.I.E. Scout Unit,MSH,Marvel Super Heroes,247,normal,common,3,113620,3496d0d4-3fab-4ea4-8986-afe5a7155ec6,0.15,false,false,near_mint,en,USD,2026-07-03T17:07:58.940Z
Wakandan Royal Guard,MSH,Marvel Super Heroes,195,normal,common,3,113883,9bf0b1e9-32b5-4591-8dd2-6b5f9768c72d,0.15,false,false,near_mint,en,USD,2026-07-03T17:07:58.941Z
Restorative Technique,MSH,Marvel Super Heroes,183,normal,common,3,114028,dbe9102d-b92b-4c32-93f6-5b6dc0fa08e6,0.15,false,false,near_mint,en,USD,2026-07-03T17:07:58.943Z
S.H.I.E.L.D. Spy Kit,MSH,Marvel Super Heroes,36,normal,common,3,113677,4938e23f-b5da-493b-9904-af61a3733ba0,0.15,false,false,near_mint,en,USD,2026-07-03T17:07:58.944Z
HYDRA Infiltration,MSH,Marvel Super Heroes,100,normal,common,2,113968,c2e446e1-e384-4d5f-8099-544f78c08510,0.15,false,false,near_mint,en,USD,2026-07-03T17:07:58.945Z
Wakandan Drone Flock,MSH,Marvel Super Heroes,40,normal,common,3,113683,4b12dc1f-2218-4c71-aafa-ea6a26eeb0aa,0.15,false,false,near_mint,en,USD,2026-07-03T17:07:58.946Z
Thirst for Knowledge,MSH,Marvel Super Heroes,79,normal,uncommon,2,113413,5f4f77e5-0019-4a5f-bae6-136121946929,0.15,false,false,near_mint,en,USD,2026-07-03T17:07:58.947Z
Dependable Quinjet,MSH,Marvel Super Heroes,246,normal,common,2,113961,c035c625-4de5-4c3b-9d07-aa1df8fc7b78,0.15,false,false,near_mint,en,USD,2026-07-03T17:07:58.950Z
Kree Sentinel,MSH,Marvel Super Heroes,141,normal,common,3,113944,ba5e441d-d036-4080-9571-6cf76df7b452,0.15,false,false,near_mint,en,USD,2026-07-03T17:07:58.951Z
Hydraulic Helper,MSH,Marvel Super Heroes,57,normal,common,3,113523,06d8a2a0-775b-4813-973f-8b15612b38d1,0.15,false,false,near_mint,en,USD,2026-07-03T17:07:58.953Z
Bold Biochemist,MSH,Marvel Super Heroes,48,normal,common,2,113542,10644127-3da0-484e-9afc-de26d9c34390,0.15,false,false,near_mint,en,USD,2026-07-03T17:07:58.954Z
Hero in Training,MSH,Marvel Super Heroes,16,normal,common,2,113541,105a937b-289c-47b5-96a4-654c697bbb7d,0.15,false,false,near_mint,en,USD,2026-07-03T17:07:58.955Z
Crimson Operative,MSH,Marvel Super Heroes,126,normal,common,3,113975,c4bc077c-f220-47a5-aaf4-5324ca23d0c5,0.15,false,false,near_mint,en,USD,2026-07-03T17:07:58.961Z
We Say Thee Nay!,MSH,Marvel Super Heroes,82,normal,common,3,113548,13b70321-75bd-4d44-b9f6-5f062a5dda0f,0.15,false,false,near_mint,en,USD,2026-07-03T17:07:58.963Z
Cruel Alliance,MSH,Marvel Super Heroes,92,normal,common,2,114019,d895d5a1-d382-438b-8551-e142bb5142af,0.15,false,false,near_mint,en,USD,2026-07-03T17:07:58.965Z
Visions of Villainy,MSH,Marvel Super Heroes,120,normal,common,3,114092,f8f1e4f9-7415-437f-b694-ecbdd76db114,0.15,false,false,near_mint,en,USD,2026-07-03T17:07:58.967Z
Stolen Stark Tech,MSH,Marvel Super Heroes,114,normal,common,3,114027,db4557ad-4141-4dae-870e-a587506f4914,0.15,false,false,near_mint,en,USD,2026-07-03T17:07:58.968Z
Borough Backup,MSH,Marvel Super Heroes,7,normal,common,3,113947,bb753ac8-67e1-44b0-b404-37f04c2b7438,0.15,false,false,near_mint,en,USD,2026-07-03T17:07:58.969Z
Project Deathlok Soldier,MSH,Marvel Super Heroes,109,normal,common,3,113724,5c21a120-4ec7-46ec-974a-2204edb92abb,0.15,false,false,near_mint,en,USD,2026-07-03T17:07:58.970Z
Ninja of the Hand,MSH,Marvel Super Heroes,108,normal,common,3,113757,6b8116d8-2cc6-449b-a8b4-8a5166553497,0.15,false,false,near_mint,en,USD,2026-07-03T17:07:58.975Z
"White Tiger, Ava Ayala",MSH,Marvel Super Heroes,196,normal,uncommon,2,113966,c1589e2e-32a8-48b8-93eb-a9af344e7084,0.15,false,false,near_mint,en,USD,2026-07-03T17:07:58.977Z
Blazing Crescendo,MSH,Marvel Super Heroes,125,normal,common,2,113828,8447c3d6-8c65-4d3c-81c4-609801602d06,0.15,false,false,near_mint,en,USD,2026-07-03T17:07:58.981Z
Go Nuts!,MSH,Marvel Super Heroes,168,normal,common,3,113136,152a7b5b-2d95-45d3-8fd9-0ca1d5a79f8b,0.15,false,false,near_mint,en,USD,2026-07-03T17:07:58.982Z
Machinesmith Automaton,MSH,Marvel Super Heroes,144,normal,common,3,113819,802e663e-9529-46da-8af4-eb9ca07971b1,0.15,false,false,near_mint,en,USD,2026-07-03T17:07:58.983Z
Decoy Ploy,MSH,Marvel Super Heroes,94,normal,common,3,114018,d8719b74-48ef-4f68-b59a-949edd644ddc,0.15,false,false,near_mint,en,USD,2026-07-03T17:07:58.984Z
"Yellowjacket, Heartless Marauder",MSH,Marvel Super Heroes,123,normal,uncommon,2,114021,d8f91212-2ff5-4024-8f14-86bb5c4a9754,0.15,false,false,near_mint,en,USD,2026-07-03T17:07:58.990Z
Serpent Specialist,MSH,Marvel Super Heroes,186,normal,common,3,113779,72727c2a-08a9-47bc-a5eb-cda52e21684b,0.15,false,false,near_mint,en,USD,2026-07-03T17:07:58.992Z
Roxxon Brutes,MSH,Marvel Super Heroes,113,normal,common,3,113414,66550490-74e1-4bf1-8741-1266dfab3a03,0.15,false,false,near_mint,en,USD,2026-07-03T17:07:58.994Z
Raft Security Officer,MSH,Marvel Super Heroes,33,normal,common,3,114095,f9b9f9d6-b50c-4b29-80be-284ba773c70b,0.15,false,false,near_mint,en,USD,2026-07-03T17:07:58.995Z
Frozen in Ice,MSH,Marvel Super Heroes,54,normal,common,3,113908,a990260b-39b7-4799-930a-bf9ac208d9ed,0.15,false,false,near_mint,en,USD,2026-07-03T17:07:58.996Z
Hawkeye's Bow,MSH,Marvel Super Heroes,132,normal,common,3,113676,485be72b-d784-4886-bb3a-48cff8f781c6,0.16,false,false,near_mint,en,USD,2026-07-03T17:07:58.998Z
Powerful Broker,MSH,Marvel Super Heroes,179,normal,common,2,113818,801f0417-b663-4e28-9a61-9570061654d7,0.15,false,false,near_mint,en,USD,2026-07-03T17:07:59.001Z
Vision of Love,MSH,Marvel Super Heroes,158,normal,common,3,113713,5604cee1-a2ea-48ed-88f4-6878bd053fc8,0.16,false,false,near_mint,en,USD,2026-07-03T17:07:59.003Z
Unliving Legionnaire,MSH,Marvel Super Heroes,119,normal,common,2,113998,ce08f4bb-7da3-4199-8b90-fcdb29e84e98,0.15,false,false,near_mint,en,USD,2026-07-03T17:07:59.006Z
Brave Brawler,MSH,Marvel Super Heroes,8,normal,common,2,113587,2242b5c3-42ef-4be0-a61f-65c93e56fcab,0.15,false,false,near_mint,en,USD,2026-07-03T17:07:59.007Z
A.I.M. Synthoids,MSH,Marvel Super Heroes,242,normal,common,3,114080,f29dee50-ea7e-4a54-bc91-99928a8405e3,0.15,false,false,near_mint,en,USD,2026-07-03T17:07:59.010Z
I Am Iron Man,MSH,Marvel Super Heroes,58,normal,common,2,113885,9c401abb-5978-41c0-962b-0432f9433929,0.15,false,false,near_mint,en,USD,2026-07-03T17:07:59.011Z
Helicarrier Strike,MSH,Marvel Super Heroes,15,normal,common,2,113763,6e518842-ce44-4af2-8f38-89869828294a,0.15,false,false,near_mint,en,USD,2026-07-03T17:07:59.014Z
Savage Land Dinosaur,MSH,Marvel Super Heroes,185,normal,common,2,113714,562bd376-3fba-4de0-b9fc-183004b03732,0.15,false,false,near_mint,en,USD,2026-07-03T17:07:59.020Z
Super Speed,MSH,Marvel Super Heroes,154,normal,common,2,113596,2aa2e596-e5e0-4c60-8eea-14adda1cdaae,0.15,false,false,near_mint,en,USD,2026-07-03T17:07:59.021Z
Red Room Recruit,MSH,Marvel Super Heroes,110,normal,common,2,114087,f52a5ba3-a618-4f52-9d33-ba85345eb627,0.15,false,false,near_mint,en,USD,2026-07-03T17:07:59.024Z
"Reptil, Dinomorpher",MSH,Marvel Super Heroes,182,normal,uncommon,2,113332,472db3f2-23df-46c1-86c6-f35fbe5ab4e3,0.16,false,false,near_mint,en,USD,2026-07-03T17:07:59.026Z
Aerial Doombot,MSH,Marvel Super Heroes,43,normal,common,3,114054,e727ec1c-dc3b-4f1a-8a62-18549f118b89,0.15,false,false,near_mint,en,USD,2026-07-03T17:07:59.028Z
Web Up,MSH,Marvel Super Heroes,41,normal,common,3,113882,9a1b057b-229c-4f65-ba4e-12dd342238de,0.15,false,false,near_mint,en,USD,2026-07-03T17:07:59.033Z
"Mister Hyde, Monster Within",MSH,Marvel Super Heroes,176,normal,uncommon,2,113640,3cf30476-ed92-4dc2-86b7-2b5fd60a2de7,0.15,false,false,near_mint,en,USD,2026-07-03T17:07:59.036Z
Rapid Rescue,MSH,Marvel Super Heroes,181,normal,common,3,114015,d739e636-681e-4423-84e3-91efd02b2c94,0.15,false,false,near_mint,en,USD,2026-07-03T17:07:59.069Z
Ultron Drone,MSH,Marvel Super Heroes,253,normal,common,2,113549,149a0a3b-c470-414c-a7de-d773b8b4cc82,0.15,false,false,near_mint,en,USD,2026-07-03T17:07:59.071Z
Trickster's Stratagem,MSH,Marvel Super Heroes,81,normal,common,3,113744,620376d0-dc0c-405f-8121-eb36d9b4f4c2,0.15,false,false,near_mint,en,USD,2026-07-03T17:07:59.077Z
Crowd of True Believers,MSH,Marvel Super Heroes,14,normal,common,3,113684,4b2fffb8-d538-4772-8fbc-9bec3b9c4d9c,0.15,false,false,near_mint,en,USD,2026-07-03T17:07:59.078Z
Pet Avengers,MSH,Marvel Super Heroes,178,normal,common,2,113543,108a0b92-2134-4776-a2f7-da92050f1b21,0.15,false,false,near_mint,en,USD,2026-07-03T17:07:59.119Z
Truck Toss,MSH,Marvel Super Heroes,157,normal,uncommon,2,113739,60f02fbf-1416-48a3-bf94-f27509f6983a,0.17,false,false,near_mint,en,USD,2026-07-03T17:07:59.129Z
Super Strength,MSH,Marvel Super Heroes,189,normal,common,3,113574,1d24d200-63d4-44cf-8d3a-6c6ece5e16ff,0.15,false,false,near_mint,en,USD,2026-07-03T17:07:59.131Z
"Falcon, Winged Wonder",MSH,Marvel Super Heroes,52,normal,uncommon,2,113376,8dc209ed-0d4c-4d0c-90e8-04cadc3d4c3d,0.16,false,false,near_mint,en,USD,2026-07-03T17:07:59.160Z
Guerrilla Gorilla,MSH,Marvel Super Heroes,169,normal,common,3,113920,af6bc9d2-5783-489a-8963-af65f54f4f17,0.15,false,false,near_mint,en,USD,2026-07-03T17:07:59.163Z
Repulsor Blast,MSH,Marvel Super Heroes,150,normal,common,3,113826,837265b0-fc15-4d96-9d6b-fd1c78534262,0.15,false,false,near_mint,en,USD,2026-07-03T17:07:59.164Z
Widow's Bite,MSH,Marvel Super Heroes,122,normal,common,2,114029,dbee18af-9ade-4251-81a1-f6e7ffbf480f,0.15,false,false,near_mint,en,USD,2026-07-03T17:07:59.166Z
K'un-Lun Warrior,MSH,Marvel Super Heroes,140,normal,common,2,114053,e6e8359d-12be-49be-8cbe-6a3b8506a9e6,0.15,false,false,near_mint,en,USD,2026-07-03T17:07:59.171Z
Futurist Forge,MSH,Marvel Super Heroes,55,normal,common,2,113901,a50feebf-c660-43f1-9fae-75294703b346,0.15,false,false,near_mint,en,USD,2026-07-03T17:07:59.172Z
Kree Commandos,MSH,Marvel Super Heroes,19,normal,common,3,113651,401f9ccf-f30c-4777-9a5b-4c340e724fff,0.15,false,false,near_mint,en,USD,2026-07-03T17:07:59.176Z
"Viv Vision, Teen Synthezoid",MSH,Marvel Super Heroes,256,normal,uncommon,2,113834,85cc170a-ecd2-4870-b675-7ece88813995,0.15,false,false,near_mint,en,USD,2026-07-03T17:07:59.177Z
"Captain America, Living Legend",MSH,Marvel Super Heroes,210,normal,uncommon,2,113199,6516f292-469d-4092-b099-97c698f373cd,0.17,false,false,near_mint,en,USD,2026-07-03T17:07:59.178Z
Atlantean Cavalry,MSH,Marvel Super Heroes,45,normal,common,3,113546,1319bf54-8705-4cc4-8d08-40f05fd09837,0.15,false,false,near_mint,en,USD,2026-07-03T17:07:59.181Z
Depower,MSH,Marvel Super Heroes,50,normal,common,3,113626,36e9a6e9-1f9d-4860-97ee-f01e66f8eb4d,0.15,false,false,near_mint,en,USD,2026-07-03T17:07:59.191Z
Hire a Crew,MSH,Marvel Super Heroes,134,normal,common,2,113696,50a6aa80-79a3-46f3-9cc1-5bf663b64976,0.15,false,false,near_mint,en,USD,2026-07-03T17:07:59.193Z
Knight of Wundagore,MSH,Marvel Super Heroes,175,normal,common,2,114081,f3003766-9383-44e0-8b51-35ccbed137ed,0.15,false,false,near_mint,en,USD,2026-07-03T17:07:59.194Z
Stark Industries Executive,MSH,Marvel Super Heroes,153,normal,common,2,113772,709ffd07-706c-471f-b74d-4637afa11686,0.15,false,false,near_mint,en,USD,2026-07-03T17:07:59.204Z
Undercover Skrull,MSH,Marvel Super Heroes,194,normal,common,2,113863,90b9a3c0-3fd6-403e-9d6c-201342fea0ad,0.15,false,false,near_mint,en,USD,2026-07-03T17:07:59.222Z
Agents of S.H.I.E.L.D.,MSH,Marvel Super Heroes,5,normal,common,2,114023,d9b5e156-0764-44e0-b0c7-de2561ea9e04,0.15,false,false,near_mint,en,USD,2026-07-03T17:07:59.225Z
Atlantis Attacks,MSH,Marvel Super Heroes,46,normal,common,2,113653,40bc4380-055d-4913-93cb-280c9c1d1a87,0.15,false,false,near_mint,en,USD,2026-07-03T17:07:59.245Z
Take Up the Shield,MSH,Marvel Super Heroes,39,normal,common,2,113700,5199d708-8b11-461d-9e91-3e8cd70906f7,0.15,false,false,near_mint,en,USD,2026-07-03T17:07:59.264Z
Kingpin's Enforcers,MSH,Marvel Super Heroes,102,normal,common,2,113751,64056edb-6de2-4694-b771-f35542c25771,0.15,false,false,near_mint,en,USD,2026-07-03T17:07:59.276Z
Giant-Sized Flying Ant,MSH,Marvel Super Heroes,56,normal,common,2,114024,da529bb3-725b-41aa-ac34-b4117ff5d95b,0.15,false,false,near_mint,en,USD,2026-07-03T17:07:59.283Z